TechniqueId,BreedId,TechniqueRangeId,Slot,TechniqueName,TechniqueTypeId,ForceTypeId,TechniqueNatureId,HitPercent,Damage,Withering,Sharpness,GutsCost,GutsDrain,HpRecovery,HpDrain,SelfDamageHit,SelfDamageMiss,Effect,DurationHit,DurationMiss
1,0,0,1,Pat,0,0,0,10,6,0,0,12,0,0,0,0,0,,3.8,3.8
2,0,0,2,Slap,0,0,0,9,15,5,0,18,0,0,0,0,0,,3.8,4.1
4,0,0,3,Kick,0,0,0,4,7,0,0,10,0,0,0,0,0,,3.8,4.1
5,0,0,4,High Kick,0,0,0,3,15,5,5,19,0,0,0,0,0,,3.3,4.3
6,0,0,5,Heel Raid,2,0,0,-10,28,20,5,30,0,0,0,0,0,,5.5,4.3
8,0,1,1,Bang,5,1,0,-11,34,16,15,42,0,0,0,0,0,,6.1,4.8
9,0,1,2,Big Bang,5,1,0,-17,41,23,22,46,0,0,0,0,0,,6.8,5.1
10,0,1,3,1-2 Punch,0,0,0,15,12,0,5,15,0,0,0,0,0,,5.1,3.5
11,0,1,4,Phantom Claw,1,0,0,15,15,5,5,25,0,0,0,0,0,,4.8,2.3
12,0,1,5,Death Final,5,0,0,-18,44,44,5,52,0,0,0,0,0,,4.1,4.1
13,0,2,1,Bolt,1,1,0,13,9,5,3,16,0,0,0,0,0,,2.1,2.1
14,0,2,2,Lightning,1,1,0,12,16,5,5,25,0,0,0,0,0,,4.8,2.1
15,0,2,3,Kiss,3,1,0,2,0,25,8,18,0,0,0,0,0,,3.1,2.3
16,0,2,4,Life Steal,5,1,2,-10,20,0,0,40,0,0,255,0,0,Life steal,3.1,3.1
17,0,2,5,Refreshment,5,1,1,-20,0,0,0,50,0,30,0,0,0,Recovers Lif,4.1,3.5
18,0,2,6,Fire Breath,5,1,0,-14,45,19,8,49,0,0,0,0,0,,2.8,2.5
19,0,3,1,Flame,2,1,0,-15,24,11,5,19,0,0,0,0,0,,2.8,2.5
21,0,3,2,Gigaflame,2,1,2,-19,39,15,5,30,0,0,0,0,0,,6.8,4.5
22,0,3,3,Ray,4,1,0,-3,12,5,16,17,0,0,0,0,0,,2.3,2.1
23,0,3,4,Megaray,4,1,0,-4,19,5,21,29,0,0,0,0,0,,5.8,4.1
24,0,3,5,Gigaray,4,1,1,-8,25,5,32,34,0,0,0,0,0,,6.1,4.5
25,1,0,1,Tail Whip,0,0,0,5,17,0,0,11,0,0,0,0,0,,2.8,2.8
26,1,0,2,Tail Attack,0,0,0,5,23,0,0,16,0,0,0,0,0,,3.8,2.8
27,1,0,3,Bite,0,0,0,10,13,5,0,13,0,0,0,0,0,,3.1,3.1
28,1,0,4,Two Bites,0,0,0,7,18,8,5,18,0,0,0,0,0,,4.5,3.5
29,1,0,5,Dragon Punch,4,0,0,-1,18,7,17,17,0,0,0,0,0,,4.5,2.8
30,1,1,1,Wing Attack,1,0,0,14,15,5,5,17,0,0,0,0,0,,2.8,3.1
31,1,1,2,Wing Combo,1,0,0,14,22,6,5,22,0,0,0,0,0,,5.8,4.8
32,1,1,3,Claw Combo,2,0,0,-10,30,9,5,19,0,0,0,0,0,,6.5,5.3
33,1,1,4,Claw,4,0,2,-5,24,12,24,24,0,0,0,0,0,,4.1,3.1
34,1,1,5,SpinningClaw,4,0,2,-7,32,12,24,30,0,0,0,0,0,,5.1,3.1
35,1,2,1,Flutter,1,1,0,19,21,15,5,29,0,0,0,0,0,,3.1,3.3
36,1,2,2,Flutters,1,1,0,14,31,15,5,33,0,0,0,0,0,,5.8,4.1
37,1,2,3,Trample,2,0,0,-16,50,13,5,27,0,0,0,0,0,,6.1,4.5
38,1,2,4,Fire Breath,3,1,0,-8,20,25,5,20,0,0,0,0,0,,3.5,3.5
39,1,2,5,Dragon Combo,5,0,0,-20,65,35,15,50,0,0,0,0,0,,7.3,5.5
40,1,3,1,Inferno,3,1,0,-8,27,39,5,29,0,0,0,0,0,,6.1,4.5
41,1,3,2,Glide Charge,4,0,1,9,22,5,27,27,0,0,0,0,0,,4.5,3.8
42,1,3,3,SlammingDown,5,0,0,0,36,36,5,40,0,0,0,0,0,,4.8,5.8
43,1,3,4,Flying Combo,2,0,0,-15,46,10,5,25,0,0,0,0,0,,6.1,4.8
49,2,0,1,Smash,0,0,0,5,15,0,5,13,0,0,0,0,0,,2.8,3.1
50,2,0,2,Smash Combo,0,0,0,5,20,5,5,20,0,0,0,0,0,,5.1,4.1
51,2,0,3,Triple Stabs,1,0,0,15,25,5,5,27,0,0,0,0,0,,4.8,3.8
52,2,0,4,Stab-Throw,2,0,0,-15,49,9,5,28,0,0,0,0,0,,5.5,2.3
53,2,0,5,Z Smash,5,0,1,5,35,35,25,55,0,0,0,0,0,,5.5,4.5
54,2,1,1,Turn Stab,1,0,0,16,16,5,5,18,0,0,0,0,0,,4.8,2.8
55,2,1,2,Mind Flare,3,1,0,-4,16,29,5,22,0,0,0,0,0,,4.1,3.8
56,2,1,3,Mind Blast,3,1,0,-8,26,34,5,27,0,0,0,0,0,,5.5,3.8
57,2,1,4,Cross Slash,5,0,1,10,25,25,25,45,0,0,0,0,0,,6.1,5.1
58,2,2,1,RearLeg Kick,0,0,0,8,12,5,0,11,0,0,0,0,0,,5.1,5.1
59,2,2,2,Energy Shot,3,1,0,0,9,24,5,17,0,0,0,0,0,,2.3,2.8
60,2,2,3,Javelin,4,0,0,-1,17,7,17,17,0,0,0,0,0,,4.3,3.3
65,2,2,4,Death Thrust,2,0,2,-18,62,19,5,35,0,0,0,0,0,,6.1,1.3
61,2,3,1,Rush Slash,2,0,0,-14,31,6,5,18,0,0,0,0,0,,4.1,4.1
62,2,3,2,Energy Shots,3,1,0,0,11,37,5,25,0,0,0,0,0,,5.5,4.5
63,2,3,3,Jump Javelin,4,0,0,-3,22,10,30,26,0,0,0,0,0,,4.1,3.8
64,2,3,4,Meteor Drive,5,0,0,-5,55,15,15,50,0,0,0,0,0,,4.3,3.3
73,3,0,1,Face Attack,0,0,0,5,12,0,0,12,0,0,0,0,0,,3.1,3.1
74,3,0,2,Giant Whip,2,0,0,-9,30,5,5,17,0,0,0,0,0,,4.5,3.8
75,3,1,1,Tail Swing,0,0,0,9,8,5,0,10,0,0,0,0,0,,1.1,1.5
76,3,1,2,Two Swings,0,0,0,9,15,5,0,14,0,0,0,0,0,,4.1,1.8
77,3,1,3,Kamikaze,1,0,0,20,23,18,10,28,0,0,0,0,10,Damages self if missed,5.5,4.1
78,3,1,4,Vital Ritual,5,1,2,-20,30,30,0,50,255,0,255,0,0,Life and guts steal,3.8,3.8
79,3,2,1,Cracker,3,0,0,0,5,28,5,18,0,0,0,0,0,,4.1,4.8
80,3,2,2,Megacracker,3,0,0,0,11,40,5,30,0,0,0,0,0,,4.8,5.1
81,3,2,3,Triple Shots,4,0,0,-2,20,5,20,18,0,0,0,0,0,,5.8,5.3
82,3,2,4,Delta Attack,5,1,1,15,30,30,15,55,0,0,0,0,0,,7.5,7.1
83,3,3,1,Shotgun,1,1,0,15,14,7,5,18,0,0,0,0,0,,4.3,4.1
84,3,3,2,Megashotgun,1,1,0,10,22,9,5,24,0,0,0,0,0,,4.3,3.5
85,3,3,3,Giant Wheel,2,0,0,-15,42,12,5,29,0,0,0,0,0,,4.8,2.8
86,3,3,4,Spiral Rush,4,0,0,-5,26,10,26,29,0,0,0,0,0,,4.5,2.5
87,3,3,5,Meteor Drive,5,0,0,-10,55,45,5,50,0,0,0,0,30,Damages self if missed,4.8,4.1
97,4,0,1,Punch,0,0,0,6,12,0,0,10,0,0,0,0,0,,2.8,2.8
98,4,0,2,Heavy Punch,0,0,0,5,15,5,5,16,0,0,0,0,0,,3.1,3.3
99,4,0,3,MaximalPunch,0,0,0,3,22,10,10,22,0,0,0,0,0,,4.8,4.1
100,4,0,4,Horn Strike,0,0,0,2,14,0,5,13,0,0,0,0,0,,3.1,2.8
101,4,0,5,Horn Attack,0,0,0,1,25,0,5,18,0,0,0,0,0,,4.5,3.5
102,4,1,1,SpinningHorn,3,0,2,-12,16,35,5,25,0,0,0,0,0,,4.8,3.8
103,4,1,2,Punch Combo,5,0,0,-5,40,15,15,42,0,0,0,0,0,,5.8,4.8
104,4,1,3,BeaclonCombo,5,0,0,-7,55,20,15,50,0,0,0,0,0,,6.1,5.1
105,4,1,4,Triple Stabs,3,0,0,-5,21,39,5,34,0,0,0,0,0,,5,3.4
106,4,2,1,Dive Assault,2,0,0,-13,28,5,5,18,0,0,0,0,0,,3.3,4.3
107,4,2,2,Spiral Dive,2,0,0,-10,34,8,8,26,0,0,0,0,0,,5.1,3.8
108,4,2,3,Tremor,3,1,0,0,8,27,5,20,0,0,0,0,0,,4.3,2.5
109,4,2,4,Horn Combo,4,0,0,-8,22,12,25,22,0,0,0,0,0,,5.3,4.1
110,4,2,5,Horn Smash,5,0,0,10,30,25,15,50,0,0,0,0,0,,5.1,4.8
111,4,2,6,Earthquake,5,1,0,-15,37,45,5,40,0,0,0,0,0,,5.1,3.1
112,4,3,1,Top Assault,1,0,0,15,13,5,5,17,0,0,0,0,0,,4.3,3.3
113,4,3,2,Rolling Bomb,1,0,1,12,23,9,5,25,0,0,0,0,0,,4.3,3.1
114,4,3,3,Flying Press,2,0,0,-18,44,15,5,27,0,0,0,0,0,,6.8,4.5
115,4,3,4,Horn Cannon,4,1,0,-10,15,15,16,17,0,0,0,0,0,,4.5,3.3
116,4,3,5,Frantic Horn,5,1,0,5,35,35,15,55,0,0,0,0,0,,7.1,6.8
117,4,3,6,Fist Missile,4,0,0,-6,27,10,27,30,0,0,0,0,0,,4.9,2.8
121,5,0,1,Punch,0,0,0,5,13,0,0,10,0,0,0,0,0,,2.8,3.1
122,5,0,2,Kick,0,0,0,1,19,5,5,16,0,0,0,0,0,,2.8,3.1
135,5,0,3,Heavy Chop,0,0,0,3,18,6,0,15,0,0,0,0,0,,2.8,3.1
136,5,0,4,Low Kick,0,0,0,7,15,0,5,13,0,0,0,0,0,,2.8,3.1
123,5,1,1,Laser Cutter,2,0,0,-15,42,15,10,28,0,0,0,0,0,,5.3,4.5
124,5,1,2,Yoyo,3,0,0,-3,10,24,10,17,0,0,0,0,0,,4.1,4.1
125,5,1,3,Laser Sword,5,0,0,-5,40,40,15,50,0,0,0,0,0,,5.1,3.5
126,5,1,4,Laser Swords,5,0,0,-10,55,40,20,55,0,0,0,0,0,,4.1,2.5
137,5,1,5,Two Cutters,2,0,0,-18,50,16,10,50,0,0,0,0,0,,5.3,4.5
138,5,1,6,Two Yoyos,3,0,0,-5,20,32,10,29,0,0,0,0,0,,4.3,4.5
127,5,2,1,Arm Cannon,1,1,0,15,15,5,5,18,0,0,0,0,0,,3.5,2.8
128,5,2,2,Napalm Shot,1,1,0,15,20,5,10,24,0,0,0,0,0,,4.1,2.5
129,5,2,3,Hammer Fall,2,0,0,-9,27,5,10,19,0,0,0,0,0,,4.3,3.8
139,5,2,4,Burst Cannon,5,1,0,10,29,14,10,35,0,0,0,0,0,,4.5,3.1
140,5,2,5,Sledge Fall,2,0,0,-8,35,5,10,25,0,0,0,0,0,,5.1,4.1
130,5,3,1,Sound Wave,3,1,2,1,6,35,5,25,0,0,0,0,0,,3.1,2.8
131,5,3,2,Fist Missile,4,0,1,6,16,5,21,19,0,0,0,0,0,,2,2
132,5,3,3,Drill Shot,4,0,1,0,22,12,25,27,0,0,0,0,0,,4.1,2.8
133,5,3,4,Drill Shots,5,0,1,4,35,14,30,45,0,0,0,0,0,,4.1,2.8
134,5,3,5,Eye Beam,4,1,0,-2,24,9,23,26,0,0,0,0,0,,3.8,2.3
145,6,0,1,Weapon,0,0,0,10,8,5,0,10,0,0,0,0,0,,3.8,3.8
146,6,0,2,Weapon Combo,0,0,0,5,16,10,0,20,0,0,0,0,0,,4.8,4.5
147,6,0,3,Kick,1,0,0,17,17,7,5,28,0,0,0,0,0,,3.8,3.8
148,6,0,4,Spin Kick,1,0,0,15,22,11,5,33,0,0,0,0,0,,3.8,4.1
149,6,0,5,Twister Kick,5,0,0,15,35,15,5,45,0,0,0,0,0,,5.3,4.8
150,6,0,6,Punch,2,0,0,-10,20,10,5,18,0,0,0,0,0,,5.5,4.5
151,6,1,1,Heavy Punch,2,0,0,-7,27,15,5,25,0,0,0,0,0,,5.5,4.4
152,6,1,2,Wracky Combo,5,0,0,-15,45,45,5,50,0,0,0,0,0,,6.1,5.1
153,6,1,3,Necromancy,3,1,0,0,4,28,5,20,0,0,0,0,0,,4.3,3.1
154,6,1,4,Sneak Attack,4,0,0,3,11,9,19,16,0,0,0,0,0,,4.5,4.1
155,6,1,5,Sneak Combo,4,0,0,2,20,10,25,42,0,0,0,0,0,,6.1,4.1
156,6,1,6,Fire Juggler,5,1,0,-14,55,25,5,50,0,0,0,0,0,,3.5,3.5
157,6,2,1,Weapon Throw,0,1,0,6,11,5,0,12,0,0,0,0,0,,2.5,2.5
158,6,2,2,Spin Slash,2,0,1,-12,32,5,10,28,0,0,0,0,0,,4.1,4.1
159,6,2,3,Trick,3,1,0,0,5,45,5,32,0,0,0,0,0,,4.5,4.1
160,6,2,4,Explosion,5,0,2,-25,70,50,10,50,0,0,0,70,70,Damages self when used,5.8,4.8
161,6,2,5,Head Spike,5,1,0,-1,25,37,5,45,0,0,0,0,0,,6.1,3.8
162,6,2,6,Fire Spike,5,1,0,-5,33,43,5,50,0,0,0,0,0,,6.1,4.1
163,6,3,1,Air Shot,1,1,0,22,9,8,5,17,0,0,0,0,0,,1.8,1.5
164,6,3,2,Blast Shot,1,1,0,22,20,12,5,28,0,0,0,0,0,,4.1,2.5
165,6,3,3,TwisterSlash,2,0,1,-13,46,6,10,39,0,0,0,0,0,,6.3,5.8
166,6,3,4,Beat Dance,5,0,0,0,25,25,25,50,0,0,0,0,0,,5.5,2.1
167,6,3,5,Cursed Dance,5,0,0,0,35,35,35,55,0,0,0,0,0,,5.5,2.1
168,6,3,6,Flame,5,1,0,-14,44,44,5,50,0,0,0,0,0,,5.5,2.8
169,7,0,1,Heavy Punch,0,0,0,-10,28,5,0,16,0,0,0,0,0,,4.1,3.3
170,7,0,2,Kick,0,0,0,-14,24,0,5,12,0,0,0,0,0,,4.5,4.1
171,7,0,3,Heavy Kick,0,0,0,-15,34,5,6,18,0,0,0,0,0,,4.5,4.1
172,7,0,4,Slap,1,0,0,0,22,5,5,17,0,0,0,0,0,,4.5,4.5
173,7,0,5,Uppercut,2,0,0,-18,45,5,5,21,0,0,0,0,0,,5.1,4.3
174,7,0,6,Thwack,3,0,2,-12,21,19,5,17,0,0,0,0,0,,6.1,4.1
175,7,1,1,Punch,0,0,0,-9,19,0,0,10,0,0,0,0,0,,4.3,4.3
176,7,1,2,Brow Hit,4,0,0,-7,29,10,25,18,0,0,0,0,0,,3.5,3.5
177,7,1,3,Smash Thwack,3,0,2,-13,23,35,5,21,0,0,0,0,0,,6.5,4.3
178,7,1,4,Clap Attack,4,0,0,-12,33,13,18,26,0,0,0,0,0,,4.5,4.5
188,7,1,5,Palm Strike,2,0,0,-5,31,12,5,24,0,0,0,0,0,,5.1,4.1
189,7,1,6,Double Palms,2,0,0,-8,47,15,5,33,0,0,0,0,0,,5.1,4.1
179,7,2,1,Heavy Slap,1,0,0,2,26,9,5,23,0,0,0,0,0,,5.1,4.5
180,7,2,2,Diving Press,2,0,0,-20,65,17,15,30,0,0,0,0,20,Damages self if missed,5.1,4.3
181,7,2,3,Charge,1,0,0,1,30,11,5,26,0,0,0,0,0,,4.3,4.5
190,7,2,4,Roll Assault,5,0,0,-16,64,38,10,50,0,0,0,0,0,,4.8,2.4
182,7,3,1,Brow Smash,4,0,0,-16,44,17,30,28,0,0,0,0,0,,3.5,3.3
183,7,3,2,Earthquake,3,1,0,-11,27,39,5,28,0,0,0,0,0,,5.5,3.1
184,7,3,3,Giant Clap,4,0,0,-15,35,30,19,31,0,0,0,0,0,,4.5,2.3
185,7,3,4,Fist Shot,5,0,1,-5,38,38,15,50,0,0,0,0,0,,4.3,3.5
186,7,3,5,Fist Missile,5,0,1,-3,45,45,15,55,0,0,0,0,0,,4.1,2.8
187,7,3,6,Cyclone,5,0,0,-16,78,21,10,50,0,0,0,0,0,,7.1,4.5
193,8,0,1,Claw,0,0,0,0,10,0,0,10,0,0,0,0,0,,2.8,2.8
194,8,0,2,MillionClaws,0,0,0,5,16,5,0,15,0,0,0,0,0,,3.5,3.3
195,8,0,3,Bite,2,0,0,-9,25,5,5,18,0,0,0,0,0,,3.1,2.8
196,8,0,4,Bite-Throw,2,0,0,-12,41,19,5,32,0,0,0,0,0,,5.8,4.5
210,8,0,5,Claw Combo,0,0,0,4,22,10,5,23,0,0,0,0,0,,5.1,4.3
211,8,0,6,MillionBites,2,0,0,-10,34,10,5,26,0,0,0,0,0,,5.1,3.5
197,8,1,1,Tail,0,0,0,9,13,0,5,12,0,0,0,0,0,,3.8,3.1
198,8,1,2,Tail Lash,0,0,0,8,18,5,5,20,0,0,0,0,0,,4.1,3.1
199,8,1,3,Tail Lashes,0,0,0,7,24,5,10,25,0,0,0,0,0,,4.5,3.5
200,8,1,4,Dust Cloud,3,1,2,-5,8,39,5,27,0,0,0,0,0,,3.5,3.5
201,8,1,5,Hypnotism,3,1,0,0,7,22,5,16,0,0,0,0,0,,4.5,4.5
212,8,1,6,Tail Combo,1,0,0,10,19,5,5,19,0,0,0,0,0,,4.8,3.5
202,8,2,1,Jumping Claw,4,0,0,-1,13,8,18,16,0,0,0,0,0,,4.1,2.5
203,8,2,2,Diving Claw,4,0,0,-3,19,10,18,22,0,0,0,0,0,,4.5,3.8
204,8,2,3,Aerial Claw,5,0,0,-5,31,17,20,36,0,0,0,0,0,,4.8,3.8
205,8,2,4,Fire Ball,2,1,0,-9,35,12,5,28,0,0,0,0,0,,4.1,2.5
206,8,2,5,Fire Breath,5,1,0,-13,49,19,10,37,0,0,0,0,0,,3.5,3.5
213,8,2,6,Jumping Fire,2,1,0,-13,43,16,5,32,0,0,0,0,0,,4.8,3.1
207,8,3,1,Charge,4,0,1,-6,20,13,20,24,0,0,0,0,0,,3.8,3.1
208,8,3,2,Fire Charge,4,0,1,-8,25,25,25,30,0,0,0,0,0,,4.8,3.8
209,8,3,3,Roll Assault,5,0,0,2,37,26,10,50,0,0,0,0,0,,5.5,3.5
214,8,3,4,Five Balls,5,1,0,-10,45,25,15,45,0,0,0,0,0,,5.3,3.8
215,8,3,5,Fire Bomb,5,1,0,-15,59,33,25,50,0,0,0,15,15,Damages self when used,4.5,3.3
216,8,3,6,Burning Roll,5,0,0,-2,47,32,10,55,0,0,0,0,0,,6.1,5.5
217,9,0,1,Swing,0,0,0,-4,22,5,8,18,0,0,0,0,0,,3.5,3.5
218,9,0,2,TwisterSlash,2,0,0,-12,30,5,5,19,0,0,0,0,0,,5.1,3.5
219,9,0,3,Thunderbolt,2,0,2,-17,57,15,5,32,0,0,0,0,0,,5.5,3.8
220,9,0,4,Flash Slash,4,0,0,-1,18,5,15,18,0,0,0,0,0,,5.3,2.8
221,9,0,5,Triple Slash,5,0,0,-5,39,18,15,40,0,0,0,0,0,,6.1,5.8
235,9,0,6,Slash Combo,2,0,0,-15,60,15,5,35,0,0,0,0,0,,8.5,3.1
222,9,1,1,Cut-In-Two,0,0,0,-2,16,0,5,12,0,0,0,0,0,,4.8,4.1
223,9,1,2,MillionStabs,1,0,0,10,22,12,5,27,0,0,0,0,0,,6.1,5.1
224,9,1,3,Punch Combo,5,0,2,11,35,20,5,45,0,0,0,0,0,,6.8,6.8
225,9,1,4,DeathBringer,5,0,0,-18,69,41,5,50,0,0,0,20,20,Damages self when used,5.5,4.3
236,9,1,5,Kick Combo,2,0,0,-5,25,5,5,19,0,0,0,0,0,,5.7,5.7
237,9,1,6,V Slash,2,0,0,-3,25,10,15,21,0,0,0,0,0,,6.1,5.1
226,9,2,1,Rush Slash,0,0,0,5,14,0,5,10,0,0,0,0,0,,2.3,2.3
227,9,2,2,Dash Slash,0,0,0,5,20,0,6,17,0,0,0,0,0,,4.5,2.5
228,9,2,3,Charge,1,0,0,15,13,5,5,16,0,0,0,0,0,,4.1,2.5
229,9,2,4,Air Shot,1,1,1,17,17,17,5,30,0,0,0,0,0,,4.8,2.8
230,9,2,5,Jumping Stab,4,0,1,0,22,8,22,26,0,0,0,0,0,,5.3,3.8
231,9,3,1,RollingSlash,2,0,0,-9,37,12,5,28,0,0,0,0,0,,8.1,5.5
232,9,3,2,Lightning,2,1,2,-11,43,11,5,26,0,0,0,0,0,,6.1,4.3
233,9,3,3,Blast Shot,1,1,1,14,25,25,5,40,0,0,0,0,0,,4.8,3.1
234,9,3,4,Sword Throw,4,1,0,-13,27,12,25,25,0,0,0,0,0,,5.1,3.5
238,9,3,5,Gust Slash,1,1,0,20,16,5,5,19,0,0,0,0,0,,3.8,2.5
241,10,0,1,Punch,0,0,0,9,14,0,0,10,0,0,0,0,0,,2.1,2.1
242,10,0,2,Claw Pinch,2,0,0,-8,39,15,6,29,0,0,0,0,0,,5.8,4.5
243,10,0,3,Bloodsuction,5,0,2,-10,30,0,0,50,0,0,255,0,0,Life Steal,3.5,3.5
244,10,0,4,Somersault,4,0,1,3,22,10,21,26,0,0,0,0,0,,4.5,3.1
245,10,0,5,Somersaults,5,0,1,3,44,20,25,50,0,0,0,0,0,,5.5,4.3
260,10,0,6,Sting Slash,4,0,0,10,18,15,25,30,0,0,0,0,0,,4.5,3.1
246,10,1,1,Long Punch,0,0,0,8,20,7,3,19,0,0,0,0,0,,2.5,1.8
247,10,1,2,Sting,1,1,0,12,15,6,5,16,0,0,0,0,0,,2.5,2.3
248,10,1,3,TripleStings,1,1,0,15,23,12,8,29,0,0,0,0,0,,4.5,2.5
249,10,1,4,Tail Swing,2,0,0,-11,24,9,5,16,0,0,0,0,0,,3.8,2.5
250,10,1,5,Tail Swings,2,0,0,-13,36,12,6,23,0,0,0,0,0,,3.5,3.3
261,10,1,6,Death Scythe,4,0,0,7,18,15,28,30,0,0,0,0,0,,3.5,3.3
251,10,2,1,Claw Assault,0,0,0,3,17,0,5,12,0,0,0,0,0,,4.1,1.8
252,10,2,2,Jumping Claw,4,0,0,0,15,8,17,16,0,0,0,0,0,,4.1,2.5
253,10,2,3,Aerial Claw,4,0,0,-1,19,11,19,21,0,0,0,0,0,,4.1,2.5
254,10,2,4,Acrobatics,5,0,0,13,29,33,5,45,0,0,0,0,0,,5.8,3.8
255,10,2,5,Meteor,5,1,0,-14,61,27,5,45,0,0,0,0,0,,5.8,4.8
262,10,2,6,Cyclone,5,0,0,-16,62,29,10,50,0,0,0,0,0,,5.3,4.9
256,10,3,1,Hidden Sting,1,0,0,19,24,6,5,27,0,0,0,0,0,,3.8,2.5
257,10,3,2,Energy Shot,3,1,0,5,7,27,5,18,0,0,0,0,0,,1.5,1.8
258,10,3,3,Energy Shots,3,1,0,5,11,35,5,25,0,0,0,0,0,,5.1,3.5
259,10,3,4,Javelin,4,0,2,-7,20,23,20,24,0,0,0,0,0,,4.3,3.5
263,10,3,5,Roll Assault,2,0,2,-9,50,8,5,32,0,0,0,0,0,,4.3,3.1
264,10,3,6,Fist Missile,5,0,1,5,16,5,19,19,0,0,0,0,0,,4.5,3.3
265,11,0,1,Bite,0,0,0,4,12,0,5,12,0,0,0,0,0,,2.5,2.5
266,11,0,2,Bolt,3,1,0,-2,9,16,15,18,0,0,0,0,0,,3.3,2.8
267,11,1,1,Scratch,0,0,0,-4,12,0,5,10,0,0,0,0,0,,2.3,2.5
268,11,1,2,One-Two,2,0,0,-9,19,5,20,18,0,0,0,0,0,,4.1,3.5
269,11,1,3,Lightning,3,1,0,-5,12,34,15,29,0,0,0,0,0,,6.5,3.8
270,11,2,1,Charge,1,0,0,15,9,5,15,15,0,0,0,0,0,,3.5,2.3
271,11,2,2,Combination,2,0,0,-13,30,5,20,25,0,0,0,0,0,,4.8,3.5
272,11,2,3,Ice Bomb,4,1,0,-3,15,0,30,15,0,0,0,0,0,,2.5,2.3
273,11,2,4,Stab,5,0,0,0,34,17,25,45,0,0,0,0,0,,4.8,3.1
274,11,3,1,Roll Assault,1,0,0,21,10,10,20,23,0,0,0,0,0,,4.1,3.3
275,11,3,2,Blizzard,4,1,0,2,20,11,35,32,0,0,0,0,0,,3.5,3.3
276,11,3,3,Roar,5,1,0,-15,31,40,15,40,0,0,0,0,0,,5.8,5.5
289,12,0,1,Hook,0,0,0,0,12,0,5,12,0,0,0,0,0,,3.8,4.3
290,12,0,2,Jump Blow,4,0,0,1,15,5,15,22,0,0,0,0,0,,4.5,5.1
291,12,0,3,2 Jump Blows,4,0,0,-3,20,5,23,29,0,0,0,0,0,,4.8,4.8
292,12,0,4,3 Jump Blows,5,0,1,-9,30,14,30,35,0,0,0,0,0,,6.3,6.3
293,12,0,5,1-2-JumpBlow,5,0,0,-9,29,18,7,33,0,0,0,0,0,,5.5,4.5
294,12,0,6,Hopper Combo,5,0,0,-15,49,21,8,44,0,0,0,0,0,,7.5,4.5
295,12,1,1,Jab,0,0,0,8,8,0,0,10,0,0,0,0,0,,3.3,3.8
296,12,2,1,Flick,1,0,0,11,11,5,5,17,0,0,0,0,0,,4.3,4.3
297,12,2,2,Phantom Claw,1,0,0,15,15,5,5,25,0,0,0,0,0,,3.4,3.4
298,12,3,1,Rapid Flick,1,0,0,17,17,7,7,30,0,0,0,0,0,,6.5,5.5
299,12,3,2,Flick Combo,5,0,2,7,22,16,11,38,0,0,0,0,0,,6.8,5.8
300,12,3,3,Lightning,3,1,0,-10,14,35,5,30,0,0,0,0,0,Can be acquired through combining,2.5,2.7
301,12,3,4,Flame,5,1,0,-16,35,25,5,36,0,0,0,0,0,,3.1,2.7
313,13,0,1,Straight,1,0,0,20,15,5,10,20,0,0,0,0,0,,2.5,2.8
314,13,0,2,HardStraight,1,0,0,16,20,8,12,27,0,0,0,0,0,,3.8,3.3
315,13,0,3,Kung Fu Fist,4,0,0,-9,19,7,24,18,0,0,0,0,0,,4.1,3.5
316,13,0,4,Kung Fu Blow,4,0,0,-11,27,8,28,25,0,0,0,0,0,,4.1,3.5
317,13,0,5,Bang,5,0,0,10,32,22,10,45,0,0,0,0,0,,4.8,3.8
318,13,0,6,Big Bang,5,0,0,5,44,29,5,50,0,0,0,0,0,,5.1,4.5
319,13,1,1,Back Blow,2,0,0,-14,29,7,10,19,0,0,0,0,0,,2.8,2.8
320,13,1,2,Rolling Blow,2,0,0,-15,40,12,11,27,0,0,0,0,0,,3.8,2.8
321,13,1,3,Smash,2,0,0,-18,45,9,10,26,0,0,0,0,0,,4.8,4.3
322,13,1,4,Heavy Smash,2,0,0,-19,56,13,12,33,0,0,0,0,0,,4.8,4.5
323,13,1,5,High Kick,4,0,0,-5,29,12,21,31,0,0,0,0,0,,4.8,4.1
324,13,1,6,Spin Kick,4,0,0,-7,35,14,25,36,0,0,0,0,0,,4.8,3.8
325,13,2,1,1-2 Punch,0,0,0,15,12,0,5,10,0,0,0,0,0,,3.1,3.3
326,13,2,2,Foul Gas,3,1,0,9,0,27,10,14,0,0,0,0,0,,3.3,2.1
327,13,2,3,Kung Fu Kick,5,0,1,-12,41,18,29,44,0,0,0,0,0,,4.1,2.8
329,13,2,4,Gas,0,1,0,7,7,7,0,10,0,0,0,0,0,,3.1,2.1
328,13,3,1,Stinking Gas,3,1,2,13,5,35,10,25,0,0,0,0,0,,4.1,2.8
337,14,0,1,Dust Cloud,0,0,0,5,12,0,0,10,0,0,0,0,0,,3.8,3.8
342,14,0,2,Bite,1,0,0,0,15,9,5,15,0,0,0,0,0,,3.8,3.8
343,14,0,3,Two Bites,1,0,0,7,23,10,5,25,0,0,0,0,0,,3.8,3.8
344,14,0,4,Three Bites,5,0,0,-5,33,33,5,33,0,0,0,0,0,,5.5,4.5
345,14,0,5,Tongue Slap,2,0,0,-14,41,11,5,25,0,0,0,0,0,,4.8,4.3
338,14,1,1,Charge,0,0,0,-5,17,0,5,13,0,0,0,0,0,,4.3,3.8
346,14,1,2,Roar,4,1,0,-2,18,10,15,19,0,0,0,0,0,,2.3,1.8
347,14,1,3,Two Roars,4,1,0,-8,25,8,24,26,0,0,0,0,0,,2.5,1.8
348,14,1,4,MillionRoars,5,1,0,-12,43,22,15,34,0,0,0,0,0,,4.5,2.8
341,14,2,1,Diving Press,2,0,0,-16,60,28,15,30,0,0,0,0,20,Damages self if missed,5.8,3.8
340,14,2,2,Sneeze,3,1,0,-9,16,24,5,20,0,0,0,0,0,,2.5,2.5
339,14,2,3,Mating Song,3,1,0,-7,19,33,6,32,0,0,0,0,0,,3.5,2.8
349,14,2,4,Foul Wind,5,1,2,-13,26,40,7,35,0,0,0,0,0,,2.8,2.1
350,14,3,1,Gust Breath,1,0,0,5,21,5,5,19,0,0,0,0,0,,4.1,1.8
351,14,3,2,Hypnotism,4,1,0,-4,16,16,25,21,0,0,0,0,0,,2.5,2.1
352,14,3,3,Nap,5,1,1,-20,0,0,0,30,0,30,0,0,0,Recovers Lif,3.1,3.1
361,15,0,1,Back Blow,1,0,0,13,19,12,7,25,0,0,0,0,0,,3.1,3.1
362,15,0,2,Fire Wall,1,1,0,11,14,5,5,15,0,0,0,0,0,,2.8,2.8
363,15,0,3,Blaze Wall,1,1,0,16,21,13,5,27,0,0,0,0,0,,2.8,3.1
364,15,0,4,Napalm,5,1,0,12,34,14,5,38,0,0,0,0,0,,4.8,2.8
365,15,1,1,Heavy Blow,1,0,0,15,26,16,8,35,0,0,0,0,0,,4.5,3.4
366,15,1,2,Thwack,2,0,0,-11,27,7,5,17,0,0,0,0,0,,5.5,3.5
367,15,1,3,Whirlwind,2,1,0,-9,35,12,5,25,0,0,0,0,0,,3.8,2.5
368,15,1,4,Typhoon,2,1,0,-12,42,26,10,34,0,0,0,0,0,,5.3,2.8
369,15,1,5,Hurricane,5,1,0,-10,50,27,15,41,0,0,0,0,0,,5.5,3.3
370,15,1,6,Spirit Blow,5,0,0,0,36,25,8,38,0,0,0,0,0,,4.5,2.5
371,15,2,1,Straight,0,0,0,6,13,0,0,10,0,0,0,0,0,,3.8,1.8
372,15,2,2,Smash Thwack,2,0,0,-13,49,19,10,35,0,0,0,0,0,,5.8,2.8
373,15,2,3,Red Wisp,3,1,1,-2,10,27,5,18,0,0,0,0,0,,5.8,4.8
374,15,2,4,Blue Wisp,3,1,1,-4,18,44,5,30,0,0,0,0,0,,5.8,5.1
375,15,2,5,Flying Mask,4,0,0,1,15,7,19,17,0,0,0,0,0,,3.8,3.5
376,15,2,6,Spirit Punch,5,0,1,-5,45,29,9,43,0,0,0,0,0,,4.3,2.8
377,15,3,1,Thunderbolt,0,1,0,3,14,5,0,13,0,0,0,0,0,,4.1,2.8
378,15,3,2,Giant Blow,5,0,0,14,33,17,6,41,0,0,0,0,0,,4.3,2.5
379,15,3,3,Giant Thwack,5,0,0,-10,54,24,5,40,0,0,0,0,0,,5.8,2.8
380,15,3,4,Cutting Mask,4,0,0,-1,19,9,23,24,0,0,0,0,0,,5.5,3.8
381,15,3,5,Hashing Mask,5,0,0,-3,28,28,28,38,0,0,0,0,0,,7.1,6.8
382,15,3,6,Spirit Smash,5,0,2,-5,33,45,5,40,0,0,0,0,0,,4.5,3.5
385,16,0,1,Slash Claw,0,0,0,7,13,0,10,10,0,0,0,0,0,,3.5,3.8
386,16,0,2,Slash Claws,0,0,0,4,19,5,10,17,0,0,0,0,0,,3.1,4.1
387,16,0,3,Claw Combo,2,0,0,-12,36,10,10,23,0,0,0,0,0,,5.5,4.1
388,16,0,4,Smoke Breath,3,1,2,5,8,24,10,18,0,0,0,0,0,,5.3,4.3
389,16,0,5,Lick,3,1,0,-7,13,29,5,19,0,0,0,0,0,,3.7,3.7
390,16,0,6,Licking,3,1,0,-11,13,24,5,15,0,0,0,0,0,,3.9,3.9
391,16,1,1,Thrust Claw,0,0,0,3,16,0,10,12,0,0,0,0,0,,3.3,3.5
392,16,1,2,Oil Spray,3,1,2,-11,23,43,5,28,0,0,0,0,0,,5.1,3.8
393,16,1,3,Turn Claw,4,0,0,-7,19,12,20,15,0,0,0,0,0,,5.1,3.8
394,16,1,4,Turn Claws,4,0,0,-10,29,19,25,28,0,0,0,0,0,,5.3,3.1
395,16,1,5,Rolling Claw,5,0,1,-13,30,30,30,30,0,0,0,0,0,,6.8,3.2
396,16,2,1,Oil Fire,2,1,0,-6,28,7,5,17,0,0,0,0,0,,3.8,4.3
397,16,2,2,Oil Flame,2,1,2,-15,46,14,10,30,0,0,0,0,0,,4.8,4.8
398,16,2,3,Drill Claw,4,0,0,0,25,5,25,20,0,0,0,0,0,,3.5,3.3
405,16,2,4,Twister Claw,1,1,0,20,20,7,10,25,0,0,0,0,0,,2.1,2.1
406,16,2,5,Tornado Claw,1,1,0,20,25,10,15,35,0,0,0,0,0,,2.5,2.5
399,16,3,1,Phantom Claw,1,0,0,15,17,5,10,17,0,0,0,0,0,,3.1,3.8
400,16,3,2,Hopping Claw,2,0,0,-5,24,8,10,17,0,0,0,0,0,,3.8,4.5
401,16,3,3,Jumping Claw,2,0,0,-18,36,17,10,22,0,0,0,0,0,,5.5,4.8
402,16,3,4,Aerial Claw,5,0,0,-19,43,27,19,30,0,0,0,0,0,,5.5,4.8
403,16,3,5,Oil Drinking,5,1,1,-15,0,0,0,50,0,50,0,0,0,Recovers Lif,2.6,2.8
404,16,3,6,Bolt,3,1,0,-2,7,16,10,11,0,0,0,0,0,,2.9,2.1
409,17,0,1,Belly Attack,0,0,0,2,16,0,0,12,0,0,0,0,0,,4.1,4.1
410,17,0,2,Head Butt,1,0,0,8,17,5,5,16,0,0,0,0,0,,3.8,3.8
411,17,0,3,Knocking-Up,4,0,0,1,20,5,16,19,0,0,0,0,0,,4.8,4.5
412,17,1,1,Scratch,0,0,0,-3,14,0,5,10,0,0,0,0,0,,3.8,3.5
413,17,1,2,Tail Lashes,1,0,0,13,22,8,5,24,0,0,0,0,0,,5.3,5.5
414,17,1,3,Sneeze,3,1,0,-4,11,25,5,17,0,0,0,0,0,,4.5,2.1
415,17,1,4,Body Press,5,0,0,-10,60,33,5,40,0,0,0,0,15,Damages self if missed,8.3,3.5
416,17,1,5,Wave Riding,5,0,0,-12,69,41,15,45,0,0,0,0,25,Damages self if missed,8.5,3.8
417,17,2,1,Earthquake,2,0,0,-21,58,21,5,29,0,0,0,0,0,,4.8,3.8
418,17,2,2,Bubbles,3,1,2,-5,19,37,5,30,0,0,0,0,0,,4.5,3.8
419,17,2,3,Charge,4,0,0,-1,24,14,19,27,0,0,0,0,0,,5.5,4.1
420,17,2,4,Zilla Rush,4,0,0,0,27,16,22,32,0,0,0,0,0,,4.5,3.8
421,17,3,1,Roll Assault,2,0,0,-12,35,7,5,21,0,0,0,0,0,,10.1,6.5
422,17,3,2,Tidal Wave,5,1,1,-9,42,24,15,37,0,0,0,0,0,,7.5,3.8
433,18,0,1,Hook,2,0,0,-16,39,11,5,25,0,0,0,0,0,,3.5,2.8
434,18,1,1,Left Jab,0,0,0,9,8,0,0,10,0,0,0,0,0,,2.8,2.8
435,18,1,2,Right Jab,0,0,0,4,13,0,5,12,0,0,0,0,0,,2.8,2.8
436,18,1,3,1-2-Hook,2,0,0,-16,46,15,5,30,0,0,0,0,0,,4.4,3.4
437,18,1,4,Straight,2,0,0,-12,28,8,5,20,0,0,0,0,0,,3.8,2.8
438,18,1,5,Uppercut,4,0,0,0,17,9,16,21,0,0,0,0,0,,3.5,2.8
439,18,1,6,1-2-Uppercut,4,0,0,2,22,12,19,29,0,0,0,0,0,,4.1,3.1
440,18,2,1,1-2-Smash,5,0,1,-16,53,21,5,36,0,0,0,0,0,,4.8,3.8
441,18,2,2,Magic Punch,2,0,0,-9,34,9,5,26,0,0,0,0,0,,4.3,3.3
442,18,2,3,Mystic Combo,5,0,1,2,33,12,15,39,0,0,0,0,0,,4.8,3.8
443,18,3,1,Mystic Punch,5,0,1,-11,43,18,5,34,0,0,0,0,0,,4.4,3.4
444,18,3,2,Magic Pot,5,1,2,-5,20,0,0,35,0,0,255,0,0,Life Steal,3.1,3.1
445,18,3,3,Mystic Pot,5,1,2,-10,0,30,0,45,255,0,0,0,0,Guts Steal,3.1,3.1
446,18,3,4,Miracle Pot,5,1,2,-15,30,30,0,60,255,0,255,0,0,Life and guts steal,3.1,3.1
447,18,3,5,Bajarl Beam,5,1,0,10,24,24,5,40,0,0,0,0,0,,3.5,3.8
457,19,0,1,Punch,0,0,0,5,9,0,0,10,0,0,0,0,0,,3.3,3.5
458,19,0,2,Head Butt,4,0,1,1,15,5,23,15,0,0,0,0,0,,3.3,3.5
472,19,0,3,Head Assault,4,0,1,2,20,10,25,25,0,0,0,0,0,,4.8,3.5
459,19,1,1,Leaping Kick,0,0,0,0,12,0,5,12,0,0,0,0,0,,3.8,2.5
460,19,1,2,Scratch,1,0,0,18,15,6,15,19,0,0,0,0,0,,3.3,3.8
461,19,1,3,Stab,3,0,2,-2,13,21,10,19,0,0,0,0,0,,4.3,3.5
473,19,1,4,RushingPunch,2,0,0,-3,35,11,10,30,0,0,0,0,0,,4.3,3.3
462,19,2,1,Diving Press,2,0,0,-9,25,7,10,19,0,0,0,0,0,,5.1,3.3
463,19,2,2,HundredBlows,5,0,0,11,39,19,10,50,0,0,0,0,0,,5.8,4.5
464,19,2,3,MillionBlows,5,0,0,10,43,21,15,55,0,0,0,0,0,,6.8,5.1
465,19,2,4,Twiddling,4,0,0,-4,22,8,19,23,0,0,0,0,0,,4.8,4.8
466,19,2,5,Twiddling-2,4,0,0,-7,30,8,26,27,0,0,0,0,0,,5.5,4.5
474,19,2,6,Twiddling-Z,5,0,0,-10,37,18,30,39,0,0,0,0,0,,5.8,4.6
467,19,3,1,Miaow,3,1,0,15,2,34,5,30,0,0,0,0,0,,3.1,2.3
468,19,3,2,Song Of Mew,3,1,0,6,15,39,5,39,0,0,0,0,0,,4.5,2.3
469,19,3,3,Recital,5,1,0,-2,25,45,10,40,0,0,0,0,0,,4.8,2.8
470,19,3,4,Zap,5,1,0,-12,41,41,10,40,0,0,0,0,0,,4.8,2.3
471,19,3,5,Maximal Zap,5,1,0,-16,59,45,20,50,0,0,0,0,0,,4.8,2.8
481,20,0,1,Beak,0,0,0,0,19,0,0,13,0,0,0,0,0,,3.1,3.3
482,20,1,1,Talons,0,0,0,5,15,0,0,11,0,0,0,0,0,,2.8,2.5
490,20,1,2,Rapid Beaks,1,0,0,10,25,5,5,23,0,0,0,0,0,,2.8,2.8
483,20,2,1,Flame Shot,3,1,0,-3,15,19,5,19,0,0,0,0,0,,4.3,2.1
484,20,2,2,Flame Cannon,3,1,2,-4,18,40,5,30,0,0,0,0,0,,4.7,3
485,20,2,3,Fire Twister,4,1,0,-4,22,8,16,20,0,0,0,0,0,,2.5,2.5
486,20,2,4,Fire Tornado,4,1,1,-10,31,9,22,26,0,0,0,0,0,,4.1,2.5
487,20,3,1,Heat Beam,2,1,0,-13,46,8,5,29,0,0,0,0,0,,4.8,2.5
488,20,3,2,Fire Stream,5,1,0,3,39,16,10,45,0,0,0,0,0,,5.1,2.5
489,20,3,3,Fire Wave,5,1,0,-1,50,18,15,50,0,0,0,0,0,,5.5,2.8
505,21,0,1,Toy Hammer,0,0,0,-5,12,0,0,11,0,0,0,0,0,,4.1,4.1
506,21,0,2,Charge,0,0,0,3,9,0,0,10,0,0,0,0,0,,3.8,2.3
507,21,0,3,Uppercut,5,0,0,1,30,25,5,50,0,0,0,0,0,,4.8,3.8
508,21,0,4,Combination,5,0,0,1,35,30,5,55,0,0,0,0,0,,5.5,4.8
509,21,1,1,Energy Shot,1,1,0,15,8,5,5,16,0,0,0,0,0,,5.1,3.1
510,21,1,2,Surprise,3,1,0,-10,7,20,5,17,0,0,0,0,0,,6.1,4.5
511,21,1,3,Astonishment,3,1,0,-7,11,36,5,32,0,0,0,0,0,,5.1,3.5
512,21,2,1,Necromancy,1,1,0,29,8,10,5,25,0,0,0,0,0,,6.1,4.1
513,21,2,2,Dove Bomb,2,1,0,-17,25,10,5,23,0,0,0,0,0,,3.8,3.8
514,21,2,3,Pigeon Bomb,2,1,0,-17,34,10,5,30,0,0,0,0,0,,5.8,4.1
515,21,3,1,Magic Card,4,1,0,-5,11,10,15,19,0,0,0,0,0,,2.3,2.8
516,21,3,2,Magic Cards,4,1,0,-10,21,10,18,29,0,0,0,0,0,,5.1,3.1
529,22,0,1,Left Slap,0,0,0,10,7,5,0,10,0,0,0,0,0,,2.1,2.1
530,22,0,2,Back Charge,4,0,0,-8,26,26,35,29,0,0,0,0,0,,4.3,2.8
531,22,1,1,Right Slap,0,0,0,8,10,5,5,12,0,0,0,0,0,,5.3,4.1
532,22,1,2,Straight,1,0,0,10,15,10,15,18,0,0,0,0,0,,2.1,2.1
533,22,1,3,High Kick,4,0,0,2,15,10,25,20,0,0,0,0,0,,3.8,4.3
534,22,1,4,Double Kicks,4,0,0,0,19,10,30,25,0,0,0,0,0,,5.3,4.4
535,22,2,1,DashStraight,1,0,0,10,20,13,15,27,0,0,0,0,0,,4.5,3.5
536,22,2,2,Elbow Strike,1,0,0,16,15,12,15,30,0,0,0,0,0,,4.5,3.3
537,22,2,3,Double Palms,2,0,0,-13,20,10,15,20,0,0,0,0,0,,4.8,4.3
538,22,3,1,Palm Strike,3,0,0,-8,14,25,15,22,0,0,0,0,0,,4.8,4.5
539,22,3,2,Metalner Ray,5,1,2,-6,30,40,15,50,0,0,0,0,0,,5.8,4.1
540,22,3,3,Burning Palm,5,0,1,-11,45,25,15,50,0,0,0,0,0,,5.5,4.5
541,22,3,4,UFO Attack,2,0,0,-22,50,17,15,30,0,0,0,0,0,,5.8,4.1
553,23,0,1,Tail Assault,0,0,0,-4,14,5,0,12,0,0,0,0,0,,1.8,1.8
554,23,0,2,Tongue Slap,2,0,0,-16,42,25,5,33,0,0,0,0,0,,4.5,2.8
555,23,0,3,Kiss,3,1,0,-8,16,39,5,29,0,0,0,0,0,,4.5,4.5
556,23,1,1,Spit,0,1,0,9,10,5,0,10,0,0,0,0,0,,1.5,1.8
557,23,1,2,Bite,2,0,0,-12,25,15,5,22,0,0,0,0,0,,2.8,2.8
558,23,1,3,Lick,3,1,0,-7,13,29,5,22,0,0,0,0,0,,3.8,2.8
559,23,1,4,Chewing,5,0,0,4,36,22,5,45,0,0,0,0,0,,6.8,4.5
560,23,2,1,Teleport,1,0,0,10,12,10,5,16,0,0,0,0,0,,2.5,2.3
561,23,2,2,Telekinesis,1,1,0,21,14,10,5,23,0,0,0,0,0,,4.5,4.1
562,23,2,3,Telepathy,4,1,0,-5,17,12,15,21,0,0,0,0,0,,4.1,3.3
563,23,3,1,Eye Beam,4,1,0,-7,28,10,22,31,0,0,0,0,0,,3.8,1.8
564,23,3,2,Yodel,5,1,0,-5,25,45,5,40,0,0,0,0,0,,4.8,4.3
577,24,0,1,Double Slaps,0,0,0,0,13,5,0,10,0,0,0,0,0,,3.8,3.8
578,24,0,2,Ice Spikes,1,1,0,9,20,0,5,17,0,0,0,0,0,,4.5,4.8
579,24,0,3,Clap Attack,3,0,0,1,15,16,5,18,0,0,0,0,0,,4.5,3.3
580,24,1,1,1-2-Straight,0,0,0,6,15,0,5,12,0,0,0,0,0,,5.5,4.8
581,24,1,2,Punch Combo,2,0,0,-12,42,16,6,29,0,0,0,0,0,,6.1,4.3
582,24,1,3,Slap Combo,3,0,2,1,21,25,6,27,0,0,0,0,0,,6.8,5.5
583,24,2,1,Cold Breath,1,1,0,17,19,13,5,26,0,0,0,0,0,,5.3,4.1
584,24,2,2,Ice Wave,2,1,0,-10,33,0,5,19,0,0,0,0,0,,4.1,4.1
585,24,2,3,Frantic Rush,4,0,0,-2,20,6,16,19,0,0,0,0,0,,4.5,4.8
588,24,2,4,Jill Combo,5,0,0,-10,61,20,8,45,0,0,0,0,0,,8.8,3.1
586,24,3,1,Ice Meteor,4,1,1,-5,29,13,19,29,0,0,0,0,0,,4.1,3.5
587,24,3,2,Snowstorm,5,1,0,5,35,35,5,45,0,0,0,0,0,,5.5,3.3
601,25,0,1,Slap,0,0,0,2,9,5,0,10,0,0,0,0,0,,3.1,3.3
602,25,0,2,Thrust,1,0,0,6,10,9,6,15,0,0,0,0,0,,3.5,3.8
603,25,0,3,1-2 Thrust,1,0,0,13,15,14,7,27,0,0,0,0,0,,3.8,4.1
604,25,0,4,Thrusts,5,0,0,-10,38,22,10,38,0,0,0,0,0,,6.1,5.1
605,25,1,1,Head Butt,0,0,0,-5,12,5,5,12,0,0,0,0,0,,3.5,3.5
606,25,1,2,Licking,3,1,0,-11,13,24,5,19,0,0,0,0,0,,3.1,3.3
616,25,1,3,Press,2,0,0,-9,24,12,9,24,0,0,0,0,0,,4.5,3.5
617,25,1,4,Diving Press,2,0,0,-14,39,19,10,34,0,0,0,0,0,,5.5,3.5
618,25,1,5,Giant Press,2,0,0,-16,49,20,10,39,0,0,0,0,0,,5.5,3.5
607,25,2,1,Roll Attack,4,0,0,-6,19,19,19,27,0,0,0,0,0,,4.8,3.5
608,25,2,2,DazzlingRoll,4,0,0,-9,28,20,25,36,0,0,0,0,0,,5.1,3.5
609,25,2,3,Petal Swirl,4,1,0,-10,14,13,16,16,0,0,0,0,0,,4.8,3.1
610,25,2,4,Petal Vortex,5,1,1,-15,0,0,0,45,0,40,0,0,0,Recovers Lif,5.8,5.8
611,25,2,5,Petal Storm,5,1,2,-15,35,0,0,40,0,0,50,0,0,Life Steal,4.8,4.8
612,25,3,1,Mocchi Ray,5,1,0,10,20,20,10,35,0,0,0,0,0,,2.6,2.5
613,25,3,2,Mocchi Beam,5,1,0,3,25,25,15,40,0,0,0,0,0,,5.2,2.5
614,25,3,3,MocchiCannon,5,1,1,-5,45,25,20,50,0,0,0,0,0,,5.4,3
615,25,3,4,Flame,5,1,0,-13,44,16,10,38,0,0,0,0,0,,4,2.9
619,25,3,5,Roll Assault,2,0,0,-12,25,7,5,19,0,0,0,0,0,,5.8,4.8
620,25,3,6,Petal Roll,2,0,0,-13,29,15,7,25,0,0,0,0,0,,5.9,4.8
625,26,0,1,Death Punch,0,0,0,-2,16,10,0,12,0,0,0,0,0,,2.5,2.5
627,26,1,1,Death Slash,2,0,2,-16,42,29,11,29,0,0,0,0,0,,4.8,3.1
626,26,1,2,Death Smash,0,0,0,-4,18,10,5,15,0,0,0,0,0,,3.8,2.5
628,26,2,1,Death Cutter,4,1,2,-5,24,24,24,28,0,0,0,0,0,,2.8,2.8
629,26,3,1,Death Energy,1,1,2,16,21,15,10,28,0,0,0,0,0,,2.8,3.1
630,26,3,2,Death Final,5,0,2,-15,50,50,15,50,0,0,0,0,0,,7.1,4.8
656,27,0,1,Slap,0,0,0,10,12,0,0,10,0,0,0,0,0,,3.1,2.8
655,27,0,2,Acid Spit,5,1,2,-15,35,48,5,35,0,0,0,0,0,,4.3,2
651,27,0,3,Diving Press,4,0,0,-3,16,9,16,18,0,0,0,0,0,,5.5,2.5
657,27,0,4,Chop Combo,5,0,0,1,44,10,5,40,0,0,0,0,0,,7.5,5.5
664,27,0,5,Samurai Kick,5,0,0,10,25,25,10,30,0,0,0,0,0,,5.1,4.5
658,27,1,1,Chop,0,0,0,-4,16,0,5,11,0,0,0,0,0,,4.8,2.8
659,27,1,2,Rolling Chop,0,0,0,-2,20,10,10,19,0,0,0,0,0,,4.8,2.8
650,27,1,3,Shock Wave,1,0,0,13,14,7,5,17,0,0,0,0,0,,4.8,3.1
653,27,1,4,Back Blow,2,0,0,-13,19,10,5,14,0,0,0,0,0,,5.1,2.8
654,27,1,5,ElectricBlow,2,0,1,-16,41,17,10,29,0,0,0,0,0,,4.8,3.1
665,27,1,6,Ninja Kick,5,0,2,-5,55,30,10,55,0,0,0,0,0,,6.8,5.1
649,27,2,1,Straight,2,0,0,-9,26,7,10,20,0,0,0,0,0,,5.8,3.5
652,27,2,2,Cyclone,5,1,0,-7,39,22,13,39,0,0,0,0,0,,3.8,2.5
660,27,2,3,Kiss,3,1,0,0,5,25,5,16,0,0,0,0,0,,3.8,2.1
661,27,3,1,Long Punch,1,0,0,15,19,13,5,27,0,0,0,0,0,,4.3,3.3
662,27,3,2,Spit,3,1,2,-5,12,37,5,24,0,0,0,0,0,,2.1,2.1
663,27,3,3,Jumping Chop,4,0,1,-6,24,16,23,28,0,0,0,0,0,,4.8,3.3
673,28,0,1,Stab,0,0,0,0,14,0,5,11,0,0,0,0,0,,1.8,1.8
674,28,0,2,Pierce,0,0,0,0,20,0,5,21,0,0,0,0,0,,1.8,1.8
675,28,0,3,Suffocation,4,0,0,4,20,8,20,24,0,0,0,0,0,,3.1,2.8
676,28,0,4,Bloodsuction,5,0,2,-20,30,0,0,40,0,0,255,0,0,Life Steal,5.8,3.5
677,28,1,1,Whip,0,0,0,6,14,5,0,14,0,0,0,0,0,,2.1,1.8
678,28,1,2,Two Whips,0,0,0,6,21,11,0,22,0,0,0,0,0,,2.5,2.1
679,28,1,3,Jell Press,1,0,0,11,28,7,5,30,0,0,0,0,0,,6.1,4.5
680,28,1,4,Jell Cube,2,0,0,-16,29,5,9,16,0,0,0,0,0,,5.5,4.5
681,28,1,5,Three Cubes,2,0,0,-10,39,6,9,23,0,0,0,0,0,,5.5,4.5
682,28,2,1,Jell Top,1,0,0,15,14,6,5,17,0,0,0,0,0,,4.1,3.5
683,28,2,2,Spiked Top,1,0,0,13,22,8,10,28,0,0,0,0,0,,4.1,3.5
684,28,2,3,Fly Swatter,3,0,0,-3,15,31,7,27,0,0,0,0,0,,5.5,3.5
685,28,2,4,Fly Smasher,3,0,0,-5,26,41,9,39,0,0,0,0,0,,5.5,3.5
686,28,2,5,Beam Gun,4,1,0,-2,15,15,19,18,0,0,0,0,0,,5.5,3.5
687,28,2,6,Beam Cannon,4,1,0,-2,25,25,25,35,0,0,0,0,0,,5.5,3.5
688,28,3,1,Cannon,2,1,0,-12,50,10,10,35,0,0,0,0,0,,5.3,3.5
689,28,3,2,Slingshot,3,1,0,-8,9,31,9,18,0,0,0,0,0,,4.8,2.8
690,28,3,3,Pyramid,5,1,1,-20,0,0,0,40,0,40,0,0,0,Recovers Lif,3.1,2.8
691,28,3,4,Gatling Gun,5,1,0,15,30,15,15,45,0,0,0,0,0,,5.5,4.1
692,28,3,5,Jell Copter,5,1,0,5,50,15,5,50,0,0,0,0,0,,4.1,3.5
697,29,0,1,Ice Sword,0,0,0,10,8,0,5,10,0,0,0,0,0,,2.8,2.8
698,29,0,2,Ice Swords,0,0,0,10,15,0,9,14,0,0,0,0,0,,4.3,3.1
699,29,0,3,Dolphin Blow,2,0,0,-5,23,5,5,18,0,0,0,0,0,,5.3,5.1
700,29,0,4,Splash,3,1,1,-8,8,40,5,27,0,0,0,0,0,,3.8,2.8
701,29,1,1,Aqua Whip,3,0,2,-9,6,29,5,19,0,0,0,0,0,,2.3,2.5
702,29,1,2,Two Whips,3,0,2,-12,11,39,5,29,0,0,0,0,0,,4.3,2.8
703,29,1,3,Kiss,1,1,0,15,15,14,5,30,0,0,0,0,0,,3.8,2.3
704,29,1,4,Cold Fog,0,1,0,12,10,0,0,12,0,0,0,0,0,,2.8,2.5
705,29,1,5,Arrow,4,1,1,2,15,6,20,18,0,0,0,0,0,,2.5,2.5
706,29,2,1,Aqua Wave,1,1,0,20,12,5,5,19,0,0,0,0,0,,2.5,1.3
707,29,2,2,Aqua Waves,1,1,0,15,20,7,5,28,0,0,0,0,0,,4.8,2.8
708,29,2,3,Ice Coffin,2,1,0,-15,38,15,10,30,0,0,0,0,0,,3.8,2.8
709,29,2,4,Ice Arrow,4,1,1,0,20,12,25,28,0,0,0,0,0,,4.8,3.1
710,29,2,5,Cold Whirl,5,1,0,-10,39,39,5,50,0,0,0,0,0,,5.1,2.8
711,29,2,6,Water Gun,5,1,0,15,20,30,5,45,0,0,0,0,0,,2.1,2.3
712,29,3,1,Icicle Arrow,5,1,1,-4,30,15,30,35,0,0,0,0,0,,4.8,2.8
713,29,3,2,Hailstorm,4,1,0,4,23,5,20,34,0,0,0,0,0,,3.8,3.3
714,29,3,3,Cold Storm,5,1,0,-15,49,49,10,55,0,0,0,0,0,,5.1,3.8
715,29,3,4,Vitalization,5,1,1,-20,0,0,0,40,0,30,0,0,0,Recovers Lif,3.1,2.8
716,29,3,5,Cold Geyser,4,1,0,-2,11,7,30,16,0,0,0,0,0,,4.1,3.3
717,29,3,6,Water Cannon,5,1,0,5,30,40,15,50,0,0,0,0,0,,4.5,2.8
721,30,0,1,Whip,0,0,0,8,9,0,0,10,0,0,0,0,0,,3.5,4.1
722,30,0,2,Stab,0,0,0,-1,12,0,0,12,0,0,0,0,0,,3.5,3.8
723,30,0,3,Numbing Stab,0,0,0,-1,15,0,5,15,0,0,0,0,0,,4.8,3.8
724,30,0,4,ElectricStab,0,0,0,-6,22,6,10,21,0,0,0,0,0,,3.8,4.3
725,30,1,1,Sound Wave,1,1,0,16,10,10,9,16,0,0,0,0,0,,4.1,4.1
726,30,1,2,Sound Wave-L,1,1,0,14,16,12,15,24,0,0,0,0,0,,4.1,4.1
727,30,1,3,Sound Wave-X,5,1,0,15,19,18,15,35,0,0,0,0,0,,6.5,4.8
728,30,1,4,Numbing Whip,4,0,0,-7,17,7,25,19,0,0,0,0,0,,3.8,3.8
729,30,1,5,ElectricWhip,4,0,0,-10,23,13,29,28,0,0,0,0,0,,4.1,4.1
730,30,1,6,MillionWhips,5,0,1,-10,31,15,35,35,0,0,0,0,0,,5.3,4.1
731,30,2,1,Shock,2,1,0,-10,18,14,10,19,0,0,0,0,0,,3.5,2.8
732,30,2,2,Severe Shock,2,1,0,-12,28,15,10,26,0,0,0,0,0,,4.1,4.8
733,30,2,3,MaximalShock,5,1,0,-12,38,19,10,35,0,0,0,0,0,,5.8,3.5
734,30,2,4,Niton Ink,3,1,2,2,2,32,10,20,0,0,0,0,0,,4.3,4.3
735,30,3,1,Shell Attack,5,0,0,0,30,5,10,35,0,0,0,0,0,,5.5,3.8
736,30,3,2,Spiked Shell,5,0,0,-2,35,5,20,40,0,0,0,0,0,,5.1,3.8
737,30,3,3,ViolentShell,5,0,0,-5,40,35,20,50,0,0,0,0,0,,5.8,3.8
745,31,0,1,Head Butt,0,0,0,3,16,5,0,15,0,0,0,0,0,,3.8,3.8
746,31,1,1,Leaf Cutter,1,1,0,15,14,5,5,18,0,0,0,0,0,,3.8,3.8
747,31,2,1,Leaf Gun,0,1,0,0,13,0,0,12,0,0,0,0,0,,4.3,4.5
748,31,2,2,Leaf Gatling,2,1,0,-14,34,8,5,23,0,0,0,0,0,,5.5,4.5
749,31,2,3,Twig Gun,3,1,0,-6,10,25,5,18,0,0,0,0,0,,4.8,2.8
750,31,2,4,Twig Gatling,3,1,0,-8,21,35,5,30,0,0,0,0,0,,4.8,2.8
751,31,3,1,Energy Steal,5,1,2,-20,40,40,0,50,50,0,50,0,0,Life and guts steal,5.5,5.8
752,31,3,2,Twister,5,1,0,-10,44,33,5,45,0,0,0,0,0,,4.8,4.1
753,31,3,3,Twisters,5,1,0,-13,55,44,5,50,0,0,0,0,0,,5.8,4.1
769,32,0,1,Flutter Slap,0,0,0,5,8,5,0,11,0,0,0,0,0,,3.8,3.8
770,32,0,2,Explosion,5,0,2,-20,60,55,10,50,0,0,0,60,60,Damages self when used,4.5,2.3
771,32,1,1,Beak Thrust,0,0,0,0,14,0,5,15,0,0,0,0,0,,2.5,2.5
772,32,1,2,Ducken Dance,3,1,0,-9,8,23,5,19,0,0,0,0,0,,3.1,2.5
773,32,1,3,Surprise,3,1,0,-8,7,39,5,27,0,0,0,0,0,,2.1,2.5
785,32,1,4,Bound Charge,1,0,0,15,20,8,10,30,0,0,0,0,0,,4.8,3.1
786,32,1,5,Bound Stamp,5,0,0,6,31,8,10,39,0,0,0,0,0,,4.8,3.1
774,32,2,1,Bound,1,0,0,12,10,5,10,15,0,0,0,0,0,,3.5,2.8
775,32,2,2,Eye Beam,1,1,0,8,15,15,10,26,0,0,0,0,0,,2,1.5
776,32,2,3,Beam Shower,1,1,0,15,20,18,10,35,0,0,0,0,0,,2,1.8
777,32,2,4,Maximal Beam,5,1,1,0,31,31,10,40,0,0,0,0,0,,4.1,2.8
778,32,2,5,Bombing,2,1,0,-18,43,10,10,33,0,0,0,0,0,,4.8,3.5
779,32,2,6,Boomerang,4,1,0,-3,19,11,26,28,0,0,0,0,0,,5.8,4.8
780,32,3,1,Missile,2,1,0,-20,29,5,5,19,0,0,0,0,0,,5.1,3.1
781,32,3,2,Two Missiles,4,1,1,-8,28,10,30,31,0,0,0,0,0,,4.5,2.5
782,32,3,3,Big Missile,2,1,2,-22,55,19,5,39,0,0,0,0,0,,5.3,3.8
783,32,3,4,Falling Beak,4,0,0,-11,15,5,21,17,0,0,0,0,0,,3.5,3.8
784,32,3,5,Frantic Beam,5,1,1,2,25,25,25,45,0,0,0,0,0,,5.9,4.5
793,33,0,1,Slap,0,0,0,8,7,0,0,11,0,0,0,0,0,,3.5,3.5
794,33,0,2,Root Attack,1,0,0,22,6,5,5,13,0,0,0,0,0,,2.8,3.3
795,33,0,3,Root Combo,1,0,0,21,12,5,5,21,0,0,0,0,0,,4.8,3.8
796,33,0,4,Life Steal,5,1,2,0,25,0,0,50,0,0,255,0,0,Life steal,4.5,4.3
797,33,1,1,Jab,0,0,0,11,6,0,0,10,0,0,0,0,0,,2.3,2.8
798,33,1,2,Jab Combo,2,0,0,-1,15,5,5,18,0,0,0,0,0,,4.8,3.5
799,33,1,3,Plant Combo,2,0,0,-11,25,10,5,25,0,0,0,0,0,,4.5,3.5
800,33,2,1,Toxic Nectar,3,1,0,9,4,22,5,26,0,0,0,0,0,,4.5,2.5
801,33,2,2,Toxic Pollen,3,1,0,-1,8,33,5,35,0,0,0,0,0,,3.5,2.8
802,33,2,3,Face Drill,5,0,0,10,21,17,5,35,0,0,0,0,0,,5.8,4.1
803,33,3,1,Seed Gun,4,1,0,1,12,10,19,21,0,0,0,0,0,,1.8,2.5
804,33,3,2,Seed Gatling,4,1,1,-4,20,10,25,27,0,0,0,0,0,,5.5,2.5
817,34,0,1,Charge,0,0,0,10,12,0,0,10,0,0,0,0,0,,2.3,2.8
818,34,0,2,Needle Stabs,2,0,0,-2,27,10,5,21,0,0,0,0,0,,2.5,2.5
819,34,0,3,Spike Stabs,2,0,0,-4,34,11,8,27,0,0,0,0,0,,3.8,2.5
820,34,0,4,Ray,5,1,0,4,25,35,5,35,0,0,0,0,0,,3.8,3.3
821,34,0,5,Double Rays,5,1,0,1,30,40,5,40,0,0,0,0,0,,4.5,4.3
822,34,0,6,Triple Rays,5,1,0,0,35,45,10,45,0,0,0,0,0,,5.5,4.5
823,34,1,1,Flattening,0,0,0,5,16,0,0,12,0,0,0,0,0,,5.1,2.1
824,34,1,2,Spike Bite,2,0,0,-12,39,20,10,29,0,0,0,0,0,,4.5,3.5
825,34,1,3,Scratch,3,0,0,-2,16,24,5,20,0,0,0,0,0,,3.5,3.5
826,34,1,4,Knock,5,0,0,10,35,10,5,35,0,0,0,0,0,,5.5,4.8
827,34,1,5,Two Knocks,5,0,0,15,40,15,5,45,0,0,0,0,0,,5.5,4.8
828,34,1,6,Three Knocks,5,0,0,15,42,21,5,50,0,0,0,0,0,,5.5,5.1
829,34,2,1,Flattening-L,0,0,0,5,19,5,0,15,0,0,0,0,0,,4.1,1.8
830,34,2,2,Screech,1,1,0,24,16,14,5,25,0,0,0,0,0,,3.3,2.3
831,34,2,3,StrangeLight,4,1,0,-7,23,6,15,18,0,0,0,0,0,,5.5,3.1
832,34,3,1,Flattening-X,0,0,0,2,24,5,5,20,0,0,0,0,0,,7.8,2.1
833,34,3,2,Sound Wave,1,1,0,18,15,5,5,17,0,0,0,0,0,,2.8,2.1
834,34,3,3,Tentacles,3,0,2,0,27,41,5,37,0,0,0,0,0,,4.5,4.5
835,34,3,4,Beam,4,1,0,-3,28,5,17,24,0,0,0,0,0,,3.8,1.5
836,34,3,5,Double Beams,4,1,0,-6,31,14,19,29,0,0,0,0,0,,5.1,2.3
837,34,3,6,Triple Beams,5,1,1,-6,38,22,25,40,0,0,0,0,0,,5.1,2.3
841,35,0,1,Slap,0,0,0,8,15,5,0,13,0,0,0,0,0,,3.8,4.1
842,35,0,2,Sneeze,3,1,0,-6,10,26,5,16,0,0,0,0,0,,3.3,2.8
843,35,0,3,Swing-Throw,5,0,0,-10,61,37,10,50,0,0,0,0,0,,7.3,4.1
844,35,1,1,Thwack,0,0,0,3,20,5,0,16,0,0,0,0,0,,6.1,4.1
845,35,1,2,Blast,3,1,2,-8,21,38,8,26,0,0,0,0,0,,3.5,2.5
846,35,2,1,Boomerang,1,1,0,14,15,8,8,18,0,0,0,0,0,,3.5,3.5
847,35,2,2,Grab-Throw,2,0,0,-11,31,5,5,18,0,0,0,0,0,,6.3,4.8
848,35,3,1,Big Banana,1,1,0,18,19,16,8,28,0,0,0,0,0,,8.8,5.8
849,35,3,2,Roll Assault,2,0,0,-9,41,11,5,27,0,0,0,0,0,,4.1,2.8
850,35,3,3,Bomb,4,1,0,-7,22,10,16,19,0,0,0,0,0,,6.1,3.8
851,35,3,4,Big Bomb,4,1,2,1,24,12,18,26,0,0,0,0,0,,5.8,4.3
852,35,3,5,Tasty Banana,5,1,1,-25,0,0,0,40,0,30,0,0,0,Recovers Lif,2.1,3.5
865,36,0,1,Bite,0,0,0,5,14,0,0,13,0,0,0,0,0,,3.1,3.5
866,36,0,2,Somersault,1,0,0,18,20,9,5,26,0,0,0,0,0,,3.5,3.5
867,36,0,3,Somersaults,1,0,0,18,24,11,5,30,0,0,0,0,0,,5.1,3.8
868,36,1,1,Sting,0,0,0,7,10,0,5,10,0,0,0,0,0,,4.3,4.3
869,36,1,2,Tail Lash,1,0,0,20,15,5,5,19,0,0,0,0,0,,4.8,3.3
870,36,1,3,Two Lashes,1,0,0,16,19,13,5,27,0,0,0,0,0,,4.8,2.8
871,36,1,4,Three Lashes,5,0,0,13,26,15,5,34,0,0,0,0,0,,5.5,3.3
872,36,1,5,Roll Assault,5,0,0,-10,50,25,5,50,0,0,0,0,0,,5.5,3.3
873,36,1,6,Pierce-Throw,2,0,0,-8,28,7,5,20,0,0,0,0,0,,6.3,2.5
874,36,2,1,Pinch-Throw,2,0,0,-8,40,10,5,29,0,0,0,0,0,,6.5,4.3
875,36,2,2,Pierce,3,0,0,-5,12,23,5,18,0,0,0,0,0,,4.8,3.3
876,36,2,3,Tusk Slash,4,0,0,4,16,5,17,17,0,0,0,0,0,,3.3,3.5
877,36,2,4,Injection,4,1,0,-11,25,23,25,28,0,0,0,0,0,,5.8,4.5
878,36,3,1,Poison Gas,3,1,0,-7,20,37,5,28,0,0,0,0,0,,3.5,1.8
879,36,3,2,Wheel Attack,5,0,0,-4,35,35,15,44,0,0,0,0,0,,4.8,2.8
889,37,0,1,Thwack,0,0,0,-5,12,0,0,10,0,0,0,0,0,,2.5,2.8
890,37,0,2,Stab,1,0,0,8,15,5,5,14,0,0,0,0,0,,1.5,1.5
891,37,1,1,Belly Punch,0,0,0,-8,14,5,0,10,0,0,0,0,0,,2.5,2.5
892,37,1,2,Pierce,1,0,0,8,18,10,5,19,0,0,0,0,0,,2.5,2.8
893,37,1,3,Tail Assault,2,0,0,-13,27,5,5,15,0,0,0,0,0,,3.3,2.8
894,37,1,4,Life Steal,5,1,2,-19,30,0,0,50,0,0,255,0,0,Life steal,3.1,2.8
895,37,2,1,Poison Gas,3,1,0,-4,12,19,8,15,0,0,0,0,0,,3.1,3.1
896,37,2,2,Energy Shot,4,1,0,-13,21,15,15,17,0,0,0,0,0,,4.3,2.5
897,37,2,3,Turn Assault,5,0,0,5,39,29,7,45,0,0,0,0,0,,4.8,2.8
898,37,3,1,Drill Attack,2,0,0,-13,38,12,5,23,0,0,0,0,0,,4.8,3.8
899,37,3,2,Eye Beam,4,1,1,-11,31,23,21,29,0,0,0,0,0,,4.5,2.5
900,37,3,3,Energy Shots,4,1,0,-9,27,15,19,24,0,0,0,0,0,,5.1,2.8
