TechniqueRangeId,Index,TechniqueTypeFlag,ForceTypeFlag,TechniqueNatureFlag,GutsDrain,HpDrain,HpRecovery,SelfDamageHit,SelfDamageMiss,BreedId,Slot,Damage,HitPercent,Withering,Sharpness,GutsCost
0,0,KIHON,POW,NORMAL,0,0,0,0,0,0,1,6,10,0,0,12
0,1,KIHON,POW,NORMAL,0,0,0,0,0,0,2,15,9,5,0,18
0,3,KIHON,POW,NORMAL,0,0,0,0,0,0,3,7,4,0,0,10
0,4,KIHON,POW,NORMAL,0,0,0,0,0,0,4,15,3,5,5,19
0,5,DAI_DAMAGE,POW,NORMAL,0,0,0,0,0,0,5,28,-10,20,5,30
1,7,HISSATSU,IQ,NORMAL,0,0,0,0,0,0,1,34,-11,16,15,42
1,8,HISSATSU,IQ,NORMAL,0,0,0,0,0,0,2,41,-17,23,22,46
1,9,KIHON,POW,NORMAL,0,0,0,0,0,0,3,12,15,0,5,15
1,10,MEICHU,POW,NORMAL,0,0,0,0,0,0,4,15,15,5,5,25
1,11,HISSATSU,POW,NORMAL,0,0,0,0,0,0,5,44,-18,44,5,52
2,12,MEICHU,IQ,NORMAL,0,0,0,0,0,0,1,9,13,5,3,16
2,13,MEICHU,IQ,NORMAL,0,0,0,0,0,0,2,16,12,5,5,25
2,14,GUTS_DOWN,IQ,NORMAL,0,0,0,0,0,0,3,0,2,25,8,18
2,15,HISSATSU,IQ,WARU,0,255,0,0,0,0,4,20,-10,0,0,40
2,16,HISSATSU,IQ,YOI,0,0,30,0,0,0,5,0,-20,0,0,50
2,17,HISSATSU,IQ,NORMAL,0,0,0,0,0,0,6,45,-14,19,8,49
3,18,DAI_DAMAGE,IQ,NORMAL,0,0,0,0,0,0,1,24,-15,11,5,19
3,20,DAI_DAMAGE,IQ,WARU,0,0,0,0,0,0,2,39,-19,15,5,30
3,21,CRITICAL,IQ,NORMAL,0,0,0,0,0,0,3,12,-3,5,16,17
3,22,CRITICAL,IQ,NORMAL,0,0,0,0,0,0,4,19,-4,5,21,29
3,23,CRITICAL,IQ,YOI,0,0,0,0,0,0,5,25,-8,5,32,34
0,0,KIHON,POW,NORMAL,0,0,0,0,0,1,1,17,5,0,0,11
0,1,KIHON,POW,NORMAL,0,0,0,0,0,1,2,23,5,0,0,16
0,2,KIHON,POW,NORMAL,0,0,0,0,0,1,3,13,10,5,0,13
0,3,KIHON,POW,NORMAL,0,0,0,0,0,1,4,18,7,8,5,18
0,4,CRITICAL,POW,NORMAL,0,0,0,0,0,1,5,18,-1,7,17,17
1,5,MEICHU,POW,NORMAL,0,0,0,0,0,1,1,15,14,5,5,17
1,6,MEICHU,POW,NORMAL,0,0,0,0,0,1,2,22,14,6,5,22
1,7,DAI_DAMAGE,POW,NORMAL,0,0,0,0,0,1,3,30,-10,9,5,19
1,8,CRITICAL,POW,WARU,0,0,0,0,0,1,4,24,-5,12,24,24
1,9,CRITICAL,POW,WARU,0,0,0,0,0,1,5,32,-7,12,24,30
2,10,MEICHU,IQ,NORMAL,0,0,0,0,0,1,1,21,19,15,5,29
2,11,MEICHU,IQ,NORMAL,0,0,0,0,0,1,2,31,14,15,5,33
2,12,DAI_DAMAGE,POW,NORMAL,0,0,0,0,0,1,3,50,-16,13,5,27
2,13,GUTS_DOWN,IQ,NORMAL,0,0,0,0,0,1,4,20,-8,25,5,20
2,14,HISSATSU,POW,NORMAL,0,0,0,0,0,1,5,65,-20,35,15,50
3,15,GUTS_DOWN,IQ,NORMAL,0,0,0,0,0,1,1,27,-8,39,5,29
3,16,CRITICAL,POW,YOI,0,0,0,0,0,1,2,22,9,5,27,27
3,17,HISSATSU,POW,NORMAL,0,0,0,0,0,1,3,36,0,36,5,40
3,18,DAI_DAMAGE,POW,NORMAL,0,0,0,0,0,1,4,46,-15,10,5,25
0,0,KIHON,POW,NORMAL,0,0,0,0,0,2,1,15,5,0,5,13
0,1,KIHON,POW,NORMAL,0,0,0,0,0,2,2,20,5,5,5,20
0,2,MEICHU,POW,NORMAL,0,0,0,0,0,2,3,25,15,5,5,27
0,3,DAI_DAMAGE,POW,NORMAL,0,0,0,0,0,2,4,49,-15,9,5,28
0,4,HISSATSU,POW,YOI,0,0,0,0,0,2,5,35,5,35,25,55
1,5,MEICHU,POW,NORMAL,0,0,0,0,0,2,1,16,16,5,5,18
1,6,GUTS_DOWN,IQ,NORMAL,0,0,0,0,0,2,2,16,-4,29,5,22
1,7,GUTS_DOWN,IQ,NORMAL,0,0,0,0,0,2,3,26,-8,34,5,27
1,8,HISSATSU,POW,YOI,0,0,0,0,0,2,4,25,10,25,25,45
2,9,KIHON,POW,NORMAL,0,0,0,0,0,2,1,12,8,5,0,11
2,10,GUTS_DOWN,IQ,NORMAL,0,0,0,0,0,2,2,9,0,24,5,17
2,11,CRITICAL,POW,NORMAL,0,0,0,0,0,2,3,17,-1,7,17,17
3,12,DAI_DAMAGE,POW,NORMAL,0,0,0,0,0,2,1,31,-14,6,5,18
3,13,GUTS_DOWN,IQ,NORMAL,0,0,0,0,0,2,2,11,0,37,5,25
3,14,CRITICAL,POW,NORMAL,0,0,0,0,0,2,3,22,-3,10,30,26
3,15,HISSATSU,POW,NORMAL,0,0,0,0,0,2,4,55,-5,15,15,50
2,16,DAI_DAMAGE,POW,WARU,0,0,0,0,0,2,4,62,-18,19,5,35
0,0,KIHON,POW,NORMAL,0,0,0,0,0,3,1,12,5,0,0,12
0,1,DAI_DAMAGE,POW,NORMAL,0,0,0,0,0,3,2,30,-9,5,5,17
1,2,KIHON,POW,NORMAL,0,0,0,0,0,3,1,8,9,5,0,10
1,3,KIHON,POW,NORMAL,0,0,0,0,0,3,2,15,9,5,0,14
1,4,MEICHU,POW,NORMAL,0,0,0,0,10,3,3,23,20,18,10,28
1,5,HISSATSU,IQ,WARU,255,255,0,0,0,3,4,30,-20,30,0,50
2,6,GUTS_DOWN,POW,NORMAL,0,0,0,0,0,3,1,5,0,28,5,18
2,7,GUTS_DOWN,POW,NORMAL,0,0,0,0,0,3,2,11,0,40,5,30
2,8,CRITICAL,POW,NORMAL,0,0,0,0,0,3,3,20,-2,5,20,18
2,9,HISSATSU,IQ,YOI,0,0,0,0,0,3,4,30,15,30,15,55
3,10,MEICHU,IQ,NORMAL,0,0,0,0,0,3,1,14,15,7,5,18
3,11,MEICHU,IQ,NORMAL,0,0,0,0,0,3,2,22,10,9,5,24
3,12,DAI_DAMAGE,POW,NORMAL,0,0,0,0,0,3,3,42,-15,12,5,29
3,13,CRITICAL,POW,NORMAL,0,0,0,0,0,3,4,26,-5,10,26,29
3,14,HISSATSU,POW,NORMAL,0,0,0,0,30,3,5,55,-10,45,5,50
0,0,KIHON,POW,NORMAL,0,0,0,0,0,4,1,12,6,0,0,10
0,1,KIHON,POW,NORMAL,0,0,0,0,0,4,2,15,5,5,5,16
0,2,KIHON,POW,NORMAL,0,0,0,0,0,4,3,22,3,10,10,22
0,3,KIHON,POW,NORMAL,0,0,0,0,0,4,4,14,2,0,5,13
0,4,KIHON,POW,NORMAL,0,0,0,0,0,4,5,25,1,0,5,18
1,5,GUTS_DOWN,POW,WARU,0,0,0,0,0,4,1,16,-12,35,5,25
1,6,HISSATSU,POW,NORMAL,0,0,0,0,0,4,2,40,-5,15,15,42
1,7,HISSATSU,POW,NORMAL,0,0,0,0,0,4,3,55,-7,20,15,50
1,8,GUTS_DOWN,POW,NORMAL,0,0,0,0,0,4,4,21,-5,39,5,34
2,9,DAI_DAMAGE,POW,NORMAL,0,0,0,0,0,4,1,28,-13,5,5,18
2,10,DAI_DAMAGE,POW,NORMAL,0,0,0,0,0,4,2,34,-10,8,8,26
2,11,GUTS_DOWN,IQ,NORMAL,0,0,0,0,0,4,3,8,0,27,5,20
2,12,CRITICAL,POW,NORMAL,0,0,0,0,0,4,4,22,-8,12,25,22
2,13,HISSATSU,POW,NORMAL,0,0,0,0,0,4,5,30,10,25,15,50
2,14,HISSATSU,IQ,NORMAL,0,0,0,0,0,4,6,37,-15,45,5,40
3,15,MEICHU,POW,NORMAL,0,0,0,0,0,4,1,13,15,5,5,17
3,16,MEICHU,POW,YOI,0,0,0,0,0,4,2,23,12,9,5,25
3,17,DAI_DAMAGE,POW,NORMAL,0,0,0,0,0,4,3,44,-18,15,5,27
3,18,CRITICAL,IQ,NORMAL,0,0,0,0,0,4,4,15,-10,15,16,17
3,19,HISSATSU,IQ,NORMAL,0,0,0,0,0,4,5,35,5,35,15,55
3,20,CRITICAL,POW,NORMAL,0,0,0,0,0,4,6,27,-6,10,27,30
0,0,KIHON,POW,NORMAL,0,0,0,0,0,5,1,13,5,0,0,10
0,1,KIHON,POW,NORMAL,0,0,0,0,0,5,2,19,1,5,5,16
1,2,DAI_DAMAGE,POW,NORMAL,0,0,0,0,0,5,1,42,-15,15,10,28
1,3,GUTS_DOWN,POW,NORMAL,0,0,0,0,0,5,2,10,-3,24,10,17
1,4,HISSATSU,POW,NORMAL,0,0,0,0,0,5,3,40,-5,40,15,50
1,5,HISSATSU,POW,NORMAL,0,0,0,0,0,5,4,55,-10,40,20,55
2,6,MEICHU,IQ,NORMAL,0,0,0,0,0,5,1,15,15,5,5,18
2,7,MEICHU,IQ,NORMAL,0,0,0,0,0,5,2,20,15,5,10,24
2,8,DAI_DAMAGE,POW,NORMAL,0,0,0,0,0,5,3,27,-9,5,10,19
3,9,GUTS_DOWN,IQ,WARU,0,0,0,0,0,5,1,6,1,35,5,25
3,10,CRITICAL,POW,YOI,0,0,0,0,0,5,2,16,6,5,21,19
3,11,CRITICAL,POW,YOI,0,0,0,0,0,5,3,22,0,12,25,27
3,12,HISSATSU,POW,YOI,0,0,0,0,0,5,4,35,4,14,30,45
3,13,CRITICAL,IQ,NORMAL,0,0,0,0,0,5,5,24,-2,9,23,26
0,14,KIHON,POW,NORMAL,0,0,0,0,0,5,3,18,3,6,0,15
0,15,KIHON,POW,NORMAL,0,0,0,0,0,5,4,15,7,0,5,13
1,16,DAI_DAMAGE,POW,NORMAL,0,0,0,0,0,5,5,50,-18,16,10,50
1,17,GUTS_DOWN,POW,NORMAL,0,0,0,0,0,5,6,20,-5,32,10,29
2,18,HISSATSU,IQ,NORMAL,0,0,0,0,0,5,4,29,10,14,10,35
2,19,DAI_DAMAGE,POW,NORMAL,0,0,0,0,0,5,5,35,-8,5,10,25
0,0,KIHON,POW,NORMAL,0,0,0,0,0,6,1,8,10,5,0,10
0,1,KIHON,POW,NORMAL,0,0,0,0,0,6,2,16,5,10,0,20
0,2,MEICHU,POW,NORMAL,0,0,0,0,0,6,3,17,17,7,5,28
0,3,MEICHU,POW,NORMAL,0,0,0,0,0,6,4,22,15,11,5,33
0,4,HISSATSU,POW,NORMAL,0,0,0,0,0,6,5,35,15,15,5,45
0,5,DAI_DAMAGE,POW,NORMAL,0,0,0,0,0,6,6,20,-10,10,5,18
1,6,DAI_DAMAGE,POW,NORMAL,0,0,0,0,0,6,1,27,-7,15,5,25
1,7,HISSATSU,POW,NORMAL,0,0,0,0,0,6,2,45,-15,45,5,50
1,8,GUTS_DOWN,IQ,NORMAL,0,0,0,0,0,6,3,4,0,28,5,20
1,9,CRITICAL,POW,NORMAL,0,0,0,0,0,6,4,11,3,9,19,16
1,10,CRITICAL,POW,NORMAL,0,0,0,0,0,6,5,20,2,10,25,42
1,11,HISSATSU,IQ,NORMAL,0,0,0,0,0,6,6,55,-14,25,5,50
2,12,KIHON,IQ,NORMAL,0,0,0,0,0,6,1,11,6,5,0,12
2,13,DAI_DAMAGE,POW,YOI,0,0,0,0,0,6,2,32,-12,5,10,28
2,14,GUTS_DOWN,IQ,NORMAL,0,0,0,0,0,6,3,5,0,45,5,32
2,15,HISSATSU,POW,WARU,0,0,0,70,70,6,4,70,-25,50,10,50
2,16,HISSATSU,IQ,NORMAL,0,0,0,0,0,6,5,25,-1,37,5,45
2,17,HISSATSU,IQ,NORMAL,0,0,0,0,0,6,6,33,-5,43,5,50
3,18,MEICHU,IQ,NORMAL,0,0,0,0,0,6,1,9,22,8,5,17
3,19,MEICHU,IQ,NORMAL,0,0,0,0,0,6,2,20,22,12,5,28
3,20,DAI_DAMAGE,POW,YOI,0,0,0,0,0,6,3,46,-13,6,10,39
3,21,HISSATSU,POW,NORMAL,0,0,0,0,0,6,4,25,0,25,25,50
3,22,HISSATSU,POW,NORMAL,0,0,0,0,0,6,5,35,0,35,35,55
3,23,HISSATSU,IQ,NORMAL,0,0,0,0,0,6,6,44,-14,44,5,50
0,0,KIHON,POW,NORMAL,0,0,0,0,0,7,1,28,-10,5,0,16
0,1,KIHON,POW,NORMAL,0,0,0,0,0,7,2,24,-14,0,5,12
0,2,KIHON,POW,NORMAL,0,0,0,0,0,7,3,34,-15,5,6,18
0,3,MEICHU,POW,NORMAL,0,0,0,0,0,7,4,22,0,5,5,17
0,4,DAI_DAMAGE,POW,NORMAL,0,0,0,0,0,7,5,45,-18,5,5,21
0,5,GUTS_DOWN,POW,WARU,0,0,0,0,0,7,6,21,-12,19,5,17
1,6,KIHON,POW,NORMAL,0,0,0,0,0,7,1,19,-9,0,0,10
1,7,CRITICAL,POW,NORMAL,0,0,0,0,0,7,2,29,-7,10,25,18
1,8,GUTS_DOWN,POW,WARU,0,0,0,0,0,7,3,23,-13,35,5,21
1,9,CRITICAL,POW,NORMAL,0,0,0,0,0,7,4,33,-12,13,18,26
2,10,MEICHU,POW,NORMAL,0,0,0,0,0,7,1,26,2,9,5,23
2,11,DAI_DAMAGE,POW,NORMAL,0,0,0,0,20,7,2,65,-20,17,15,30
2,12,MEICHU,POW,NORMAL,0,0,0,0,0,7,3,30,1,11,5,26
3,13,CRITICAL,POW,NORMAL,0,0,0,0,0,7,1,44,-16,17,30,28
3,14,GUTS_DOWN,IQ,NORMAL,0,0,0,0,0,7,2,27,-11,39,5,28
3,15,CRITICAL,POW,NORMAL,0,0,0,0,0,7,3,35,-15,30,19,31
3,16,HISSATSU,POW,YOI,0,0,0,0,0,7,4,38,-5,38,15,50
3,17,HISSATSU,POW,YOI,0,0,0,0,0,7,5,45,-3,45,15,55
3,18,HISSATSU,POW,NORMAL,0,0,0,0,0,7,6,78,-16,21,10,50
1,19,DAI_DAMAGE,POW,NORMAL,0,0,0,0,0,7,5,31,-5,12,5,24
1,20,DAI_DAMAGE,POW,NORMAL,0,0,0,0,0,7,6,47,-8,15,5,33
2,21,HISSATSU,POW,NORMAL,0,0,0,0,0,7,4,64,-16,38,10,50
0,0,KIHON,POW,NORMAL,0,0,0,0,0,8,1,10,0,0,0,10
0,1,KIHON,POW,NORMAL,0,0,0,0,0,8,2,16,5,5,0,15
0,2,DAI_DAMAGE,POW,NORMAL,0,0,0,0,0,8,3,25,-9,5,5,18
0,3,DAI_DAMAGE,POW,NORMAL,0,0,0,0,0,8,4,41,-12,19,5,32
1,4,KIHON,POW,NORMAL,0,0,0,0,0,8,1,13,9,0,5,12
1,5,KIHON,POW,NORMAL,0,0,0,0,0,8,2,18,8,5,5,20
1,6,KIHON,POW,NORMAL,0,0,0,0,0,8,3,24,7,5,10,25
1,7,GUTS_DOWN,IQ,WARU,0,0,0,0,0,8,4,8,-5,39,5,27
1,8,GUTS_DOWN,IQ,NORMAL,0,0,0,0,0,8,5,7,0,22,5,16
2,9,CRITICAL,POW,NORMAL,0,0,0,0,0,8,1,13,-1,8,18,16
2,10,CRITICAL,POW,NORMAL,0,0,0,0,0,8,2,19,-3,10,18,22
2,11,HISSATSU,POW,NORMAL,0,0,0,0,0,8,3,31,-5,17,20,36
2,12,DAI_DAMAGE,IQ,NORMAL,0,0,0,0,0,8,4,35,-9,12,5,28
2,13,HISSATSU,IQ,NORMAL,0,0,0,0,0,8,5,49,-13,19,10,37
3,14,CRITICAL,POW,YOI,0,0,0,0,0,8,1,20,-6,13,20,24
3,15,CRITICAL,POW,YOI,0,0,0,0,0,8,2,25,-8,25,25,30
3,16,HISSATSU,POW,NORMAL,0,0,0,0,0,8,3,37,2,26,10,50
0,17,KIHON,POW,NORMAL,0,0,0,0,0,8,5,22,4,10,5,23
0,18,DAI_DAMAGE,POW,NORMAL,0,0,0,0,0,8,6,34,-10,10,5,26
1,19,MEICHU,POW,NORMAL,0,0,0,0,0,8,6,19,10,5,5,19
2,20,DAI_DAMAGE,IQ,NORMAL,0,0,0,0,0,8,6,43,-13,16,5,32
3,21,HISSATSU,IQ,NORMAL,0,0,0,0,0,8,4,45,-10,25,15,45
3,22,HISSATSU,IQ,NORMAL,0,0,0,15,15,8,5,59,-15,33,25,50
3,23,HISSATSU,POW,NORMAL,0,0,0,0,0,8,6,47,-2,32,10,55
0,0,KIHON,POW,NORMAL,0,0,0,0,0,9,1,22,-4,5,8,18
0,1,DAI_DAMAGE,POW,NORMAL,0,0,0,0,0,9,2,30,-12,5,5,19
0,2,DAI_DAMAGE,POW,WARU,0,0,0,0,0,9,3,57,-17,15,5,32
0,3,CRITICAL,POW,NORMAL,0,0,0,0,0,9,4,18,-1,5,15,18
0,4,HISSATSU,POW,NORMAL,0,0,0,0,0,9,5,39,-5,18,15,40
1,5,KIHON,POW,NORMAL,0,0,0,0,0,9,1,16,-2,0,5,12
1,6,MEICHU,POW,NORMAL,0,0,0,0,0,9,2,22,10,12,5,27
1,7,HISSATSU,POW,WARU,0,0,0,0,0,9,3,35,11,20,5,45
1,8,HISSATSU,POW,NORMAL,0,0,0,20,20,9,4,69,-18,41,5,50
2,9,KIHON,POW,NORMAL,0,0,0,0,0,9,1,14,5,0,5,10
2,10,KIHON,POW,NORMAL,0,0,0,0,0,9,2,20,5,0,6,17
2,11,MEICHU,POW,NORMAL,0,0,0,0,0,9,3,13,15,5,5,16
2,12,MEICHU,IQ,YOI,0,0,0,0,0,9,4,17,17,17,5,30
2,13,CRITICAL,POW,YOI,0,0,0,0,0,9,5,22,0,8,22,26
3,14,DAI_DAMAGE,POW,NORMAL,0,0,0,0,0,9,1,37,-9,12,5,28
3,15,DAI_DAMAGE,IQ,WARU,0,0,0,0,0,9,2,43,-11,11,5,26
3,16,MEICHU,IQ,YOI,0,0,0,0,0,9,3,25,14,25,5,40
3,17,CRITICAL,IQ,NORMAL,0,0,0,0,0,9,4,27,-13,12,25,25
0,18,DAI_DAMAGE,POW,NORMAL,0,0,0,0,0,9,6,60,-15,15,5,35
1,19,DAI_DAMAGE,POW,NORMAL,0,0,0,0,0,9,5,25,-5,5,5,19
1,20,DAI_DAMAGE,POW,NORMAL,0,0,0,0,0,9,6,25,-3,10,15,21
3,21,MEICHU,IQ,NORMAL,0,0,0,0,0,9,5,16,20,5,5,19
0,0,KIHON,POW,NORMAL,0,0,0,0,0,10,1,14,9,0,0,10
0,1,DAI_DAMAGE,POW,NORMAL,0,0,0,0,0,10,2,39,-8,15,6,29
0,2,HISSATSU,POW,WARU,0,255,0,0,0,10,3,30,-10,0,0,50
0,3,CRITICAL,POW,YOI,0,0,0,0,0,10,4,22,3,10,21,26
0,4,HISSATSU,POW,YOI,0,0,0,0,0,10,5,44,3,20,25,50
1,5,KIHON,POW,NORMAL,0,0,0,0,0,10,1,20,8,7,3,19
1,6,MEICHU,IQ,NORMAL,0,0,0,0,0,10,2,15,12,6,5,16
1,7,MEICHU,IQ,NORMAL,0,0,0,0,0,10,3,23,15,12,8,29
1,8,DAI_DAMAGE,POW,NORMAL,0,0,0,0,0,10,4,24,-11,9,5,16
1,9,DAI_DAMAGE,POW,NORMAL,0,0,0,0,0,10,5,36,-13,12,6,23
2,10,KIHON,POW,NORMAL,0,0,0,0,0,10,1,17,3,0,5,12
2,11,CRITICAL,POW,NORMAL,0,0,0,0,0,10,2,15,0,8,17,16
2,12,CRITICAL,POW,NORMAL,0,0,0,0,0,10,3,19,-1,11,19,21
2,13,HISSATSU,POW,NORMAL,0,0,0,0,0,10,4,29,13,33,5,45
2,14,HISSATSU,IQ,NORMAL,0,0,0,0,0,10,5,61,-14,27,5,45
3,15,MEICHU,POW,NORMAL,0,0,0,0,0,10,1,24,19,6,5,27
3,16,GUTS_DOWN,IQ,NORMAL,0,0,0,0,0,10,2,7,5,27,5,18
3,17,GUTS_DOWN,IQ,NORMAL,0,0,0,0,0,10,3,11,5,35,5,25
3,18,CRITICAL,POW,WARU,0,0,0,0,0,10,4,20,-7,23,20,24
0,19,CRITICAL,POW,NORMAL,0,0,0,0,0,10,6,18,10,15,25,30
1,20,CRITICAL,POW,NORMAL,0,0,0,0,0,10,6,18,7,15,28,30
2,21,HISSATSU,POW,NORMAL,0,0,0,0,0,10,6,62,-16,29,10,50
3,22,DAI_DAMAGE,POW,WARU,0,0,0,0,0,10,5,50,-9,8,5,32
3,23,HISSATSU,POW,YOI,0,0,0,0,0,10,6,16,5,5,19,19
0,0,KIHON,POW,NORMAL,0,0,0,0,0,11,1,12,4,0,5,12
0,1,GUTS_DOWN,IQ,NORMAL,0,0,0,0,0,11,2,9,-2,16,15,18
1,2,KIHON,POW,NORMAL,0,0,0,0,0,11,1,12,-4,0,5,10
1,3,DAI_DAMAGE,POW,NORMAL,0,0,0,0,0,11,2,19,-9,5,20,18
1,4,GUTS_DOWN,IQ,NORMAL,0,0,0,0,0,11,3,12,-5,34,15,29
2,5,MEICHU,POW,NORMAL,0,0,0,0,0,11,1,9,15,5,15,15
2,6,DAI_DAMAGE,POW,NORMAL,0,0,0,0,0,11,2,30,-13,5,20,25
2,7,CRITICAL,IQ,NORMAL,0,0,0,0,0,11,3,15,-3,0,30,15
2,8,HISSATSU,POW,NORMAL,0,0,0,0,0,11,4,34,0,17,25,45
3,9,MEICHU,POW,NORMAL,0,0,0,0,0,11,1,10,21,10,20,23
3,10,CRITICAL,IQ,NORMAL,0,0,0,0,0,11,2,20,2,11,35,32
3,11,HISSATSU,IQ,NORMAL,0,0,0,0,0,11,3,31,-15,40,15,40
0,0,KIHON,POW,NORMAL,0,0,0,0,0,12,1,12,0,0,5,12
0,1,CRITICAL,POW,NORMAL,0,0,0,0,0,12,2,15,1,5,15,22
0,2,CRITICAL,POW,NORMAL,0,0,0,0,0,12,3,20,-3,5,23,29
0,3,HISSATSU,POW,YOI,0,0,0,0,0,12,4,30,-9,14,30,35
0,4,HISSATSU,POW,NORMAL,0,0,0,0,0,12,5,29,-9,18,7,33
0,5,HISSATSU,POW,NORMAL,0,0,0,0,0,12,6,49,-15,21,8,44
1,6,KIHON,POW,NORMAL,0,0,0,0,0,12,1,8,8,0,0,10
2,7,MEICHU,POW,NORMAL,0,0,0,0,0,12,1,11,11,5,5,17
2,8,MEICHU,POW,NORMAL,0,0,0,0,0,12,2,15,15,5,5,25
3,9,MEICHU,POW,NORMAL,0,0,0,0,0,12,1,17,17,7,7,30
3,10,HISSATSU,POW,WARU,0,0,0,0,0,12,2,22,7,16,11,38
3,11,GUTS_DOWN,IQ,NORMAL,0,0,0,0,0,12,3,14,-10,35,5,30
3,12,HISSATSU,IQ,NORMAL,0,0,0,0,0,12,4,35,-16,25,5,36
0,0,MEICHU,POW,NORMAL,0,0,0,0,0,13,1,15,20,5,10,20
0,1,MEICHU,POW,NORMAL,0,0,0,0,0,13,2,20,16,8,12,27
0,2,CRITICAL,POW,NORMAL,0,0,0,0,0,13,3,19,-9,7,24,18
0,3,CRITICAL,POW,NORMAL,0,0,0,0,0,13,4,27,-11,8,28,25
0,4,HISSATSU,POW,NORMAL,0,0,0,0,0,13,5,32,10,22,10,45
0,5,HISSATSU,POW,NORMAL,0,0,0,0,0,13,6,44,5,29,5,50
1,6,DAI_DAMAGE,POW,NORMAL,0,0,0,0,0,13,1,29,-14,7,10,19
1,7,DAI_DAMAGE,POW,NORMAL,0,0,0,0,0,13,2,40,-15,12,11,27
1,8,DAI_DAMAGE,POW,NORMAL,0,0,0,0,0,13,3,45,-18,9,10,26
1,9,DAI_DAMAGE,POW,NORMAL,0,0,0,0,0,13,4,56,-19,13,12,33
1,10,CRITICAL,POW,NORMAL,0,0,0,0,0,13,5,29,-5,12,21,31
1,11,CRITICAL,POW,NORMAL,0,0,0,0,0,13,6,35,-7,14,25,36
2,12,KIHON,POW,NORMAL,0,0,0,0,0,13,1,12,15,0,5,10
2,13,GUTS_DOWN,IQ,NORMAL,0,0,0,0,0,13,2,0,9,27,10,14
2,14,HISSATSU,POW,YOI,0,0,0,0,0,13,3,41,-12,18,29,44
3,15,GUTS_DOWN,IQ,WARU,0,0,0,0,0,13,1,5,13,35,10,25
2,16,KIHON,IQ,NORMAL,0,0,0,0,0,13,4,7,7,7,0,10
0,0,KIHON,POW,NORMAL,0,0,0,0,0,14,1,12,5,0,0,10
1,1,KIHON,POW,NORMAL,0,0,0,0,0,14,1,17,-5,0,5,13
2,2,GUTS_DOWN,IQ,NORMAL,0,0,0,0,0,14,3,19,-7,33,6,32
2,3,GUTS_DOWN,IQ,NORMAL,0,0,0,0,0,14,2,16,-9,24,5,20
2,4,DAI_DAMAGE,POW,NORMAL,0,0,0,0,20,14,1,60,-16,28,15,30
0,5,MEICHU,POW,NORMAL,0,0,0,0,0,14,2,15,0,9,5,15
0,6,MEICHU,POW,NORMAL,0,0,0,0,0,14,3,23,7,10,5,25
0,7,HISSATSU,POW,NORMAL,0,0,0,0,0,14,4,33,-5,33,5,33
0,8,DAI_DAMAGE,POW,NORMAL,0,0,0,0,0,14,5,41,-14,11,5,25
1,9,CRITICAL,IQ,NORMAL,0,0,0,0,0,14,2,18,-2,10,15,19
1,10,CRITICAL,IQ,NORMAL,0,0,0,0,0,14,3,25,-8,8,24,26
1,11,HISSATSU,IQ,NORMAL,0,0,0,0,0,14,4,43,-12,22,15,34
2,12,HISSATSU,IQ,WARU,0,0,0,0,0,14,4,26,-13,40,7,35
3,13,MEICHU,POW,NORMAL,0,0,0,0,0,14,1,21,5,5,5,19
3,14,CRITICAL,IQ,NORMAL,0,0,0,0,0,14,2,16,-4,16,25,21
3,15,HISSATSU,IQ,YOI,0,0,30,0,0,14,3,0,-20,0,0,30
0,0,MEICHU,POW,NORMAL,0,0,0,0,0,15,1,19,13,12,7,25
0,1,MEICHU,IQ,NORMAL,0,0,0,0,0,15,2,14,11,5,5,15
0,2,MEICHU,IQ,NORMAL,0,0,0,0,0,15,3,21,16,13,5,27
0,3,HISSATSU,IQ,NORMAL,0,0,0,0,0,15,4,34,12,14,5,38
1,4,MEICHU,POW,NORMAL,0,0,0,0,0,15,1,26,15,16,8,35
1,5,DAI_DAMAGE,POW,NORMAL,0,0,0,0,0,15,2,27,-11,7,5,17
1,6,DAI_DAMAGE,IQ,NORMAL,0,0,0,0,0,15,3,35,-9,12,5,25
1,7,DAI_DAMAGE,IQ,NORMAL,0,0,0,0,0,15,4,42,-12,26,10,34
1,8,HISSATSU,IQ,NORMAL,0,0,0,0,0,15,5,50,-10,27,15,41
1,9,HISSATSU,POW,NORMAL,0,0,0,0,0,15,6,36,0,25,8,38
2,10,KIHON,POW,NORMAL,0,0,0,0,0,15,1,13,6,0,0,10
2,11,DAI_DAMAGE,POW,NORMAL,0,0,0,0,0,15,2,49,-13,19,10,35
2,12,GUTS_DOWN,IQ,YOI,0,0,0,0,0,15,3,10,-2,27,5,18
2,13,GUTS_DOWN,IQ,YOI,0,0,0,0,0,15,4,18,-4,44,5,30
2,14,CRITICAL,POW,NORMAL,0,0,0,0,0,15,5,15,1,7,19,17
2,15,HISSATSU,POW,YOI,0,0,0,0,0,15,6,45,-5,29,9,43
3,16,KIHON,IQ,NORMAL,0,0,0,0,0,15,1,14,3,5,0,13
3,17,HISSATSU,POW,NORMAL,0,0,0,0,0,15,2,33,14,17,6,41
3,18,HISSATSU,POW,NORMAL,0,0,0,0,0,15,3,54,-10,24,5,40
3,19,CRITICAL,POW,NORMAL,0,0,0,0,0,15,4,19,-1,9,23,24
3,20,HISSATSU,POW,NORMAL,0,0,0,0,0,15,5,28,-3,28,28,38
3,21,HISSATSU,POW,WARU,0,0,0,0,0,15,6,33,-5,45,5,40
0,0,KIHON,POW,NORMAL,0,0,0,0,0,16,1,13,7,0,10,10
0,1,KIHON,POW,NORMAL,0,0,0,0,0,16,2,19,4,5,10,17
0,2,DAI_DAMAGE,POW,NORMAL,0,0,0,0,0,16,3,36,-12,10,10,23
0,3,GUTS_DOWN,IQ,WARU,0,0,0,0,0,16,4,8,5,24,10,18
0,4,GUTS_DOWN,IQ,NORMAL,0,0,0,0,0,16,5,13,-7,29,5,19
0,5,GUTS_DOWN,IQ,NORMAL,0,0,0,0,0,16,6,13,-11,24,5,15
1,6,KIHON,POW,NORMAL,0,0,0,0,0,16,1,16,3,0,10,12
1,7,GUTS_DOWN,IQ,WARU,0,0,0,0,0,16,2,23,-11,43,5,28
1,8,CRITICAL,POW,NORMAL,0,0,0,0,0,16,3,19,-7,12,20,15
1,9,CRITICAL,POW,NORMAL,0,0,0,0,0,16,4,29,-10,19,25,28
1,10,HISSATSU,POW,YOI,0,0,0,0,0,16,5,30,-13,30,30,30
2,11,DAI_DAMAGE,IQ,NORMAL,0,0,0,0,0,16,1,28,-6,7,5,17
2,12,DAI_DAMAGE,IQ,WARU,0,0,0,0,0,16,2,46,-15,14,10,30
2,13,CRITICAL,POW,NORMAL,0,0,0,0,0,16,3,25,0,5,25,20
3,14,MEICHU,POW,NORMAL,0,0,0,0,0,16,1,17,15,5,10,17
3,15,DAI_DAMAGE,POW,NORMAL,0,0,0,0,0,16,2,24,-5,8,10,17
3,16,DAI_DAMAGE,POW,NORMAL,0,0,0,0,0,16,3,36,-18,17,10,22
3,17,HISSATSU,POW,NORMAL,0,0,0,0,0,16,4,43,-19,27,19,30
3,18,HISSATSU,IQ,YOI,0,0,50,0,0,16,5,0,-15,0,0,50
3,19,GUTS_DOWN,IQ,NORMAL,0,0,0,0,0,16,6,7,-2,16,10,11
2,20,MEICHU,IQ,NORMAL,0,0,0,0,0,16,4,20,20,7,10,25
2,21,MEICHU,IQ,NORMAL,0,0,0,0,0,16,5,25,20,10,15,35
0,0,KIHON,POW,NORMAL,0,0,0,0,0,17,1,16,2,0,0,12
0,1,MEICHU,POW,NORMAL,0,0,0,0,0,17,2,17,8,5,5,16
0,2,CRITICAL,POW,NORMAL,0,0,0,0,0,17,3,20,1,5,16,19
1,3,KIHON,POW,NORMAL,0,0,0,0,0,17,1,14,-3,0,5,10
1,4,MEICHU,POW,NORMAL,0,0,0,0,0,17,2,22,13,8,5,24
1,5,GUTS_DOWN,IQ,NORMAL,0,0,0,0,0,17,3,11,-4,25,5,17
1,6,HISSATSU,POW,NORMAL,0,0,0,0,15,17,4,60,-10,33,5,40
1,7,HISSATSU,POW,NORMAL,0,0,0,0,25,17,5,69,-12,41,15,45
2,8,DAI_DAMAGE,POW,NORMAL,0,0,0,0,0,17,1,58,-21,21,5,29
2,9,GUTS_DOWN,IQ,WARU,0,0,0,0,0,17,2,19,-5,37,5,30
2,10,CRITICAL,POW,NORMAL,0,0,0,0,0,17,3,24,-1,14,19,27
2,11,CRITICAL,POW,NORMAL,0,0,0,0,0,17,4,27,0,16,22,32
3,12,DAI_DAMAGE,POW,NORMAL,0,0,0,0,0,17,1,35,-12,7,5,21
3,13,HISSATSU,IQ,YOI,0,0,0,0,0,17,2,42,-9,24,15,37
0,0,DAI_DAMAGE,POW,NORMAL,0,0,0,0,0,18,1,39,-16,11,5,25
1,1,KIHON,POW,NORMAL,0,0,0,0,0,18,1,8,9,0,0,10
1,2,KIHON,POW,NORMAL,0,0,0,0,0,18,2,13,4,0,5,12
1,3,DAI_DAMAGE,POW,NORMAL,0,0,0,0,0,18,3,46,-16,15,5,30
1,4,DAI_DAMAGE,POW,NORMAL,0,0,0,0,0,18,4,28,-12,8,5,20
1,5,CRITICAL,POW,NORMAL,0,0,0,0,0,18,5,17,0,9,16,21
1,6,CRITICAL,POW,NORMAL,0,0,0,0,0,18,6,22,2,12,19,29
2,7,HISSATSU,POW,YOI,0,0,0,0,0,18,1,53,-16,21,5,36
2,8,DAI_DAMAGE,POW,NORMAL,0,0,0,0,0,18,2,34,-9,9,5,26
2,9,HISSATSU,POW,YOI,0,0,0,0,0,18,3,33,2,12,15,39
3,10,HISSATSU,POW,YOI,0,0,0,0,0,18,1,43,-11,18,5,34
3,11,HISSATSU,IQ,WARU,0,255,0,0,0,18,2,20,-5,0,0,35
3,12,HISSATSU,IQ,WARU,255,0,0,0,0,18,3,0,-10,30,0,45
3,13,HISSATSU,IQ,WARU,255,255,0,0,0,18,4,30,-15,30,0,60
3,14,HISSATSU,IQ,NORMAL,0,0,0,0,0,18,5,24,10,24,5,40
0,0,KIHON,POW,NORMAL,0,0,0,0,0,19,1,9,5,0,0,10
0,1,CRITICAL,POW,YOI,0,0,0,0,0,19,2,15,1,5,23,15
1,2,KIHON,POW,NORMAL,0,0,0,0,0,19,1,12,0,0,5,12
1,3,MEICHU,POW,NORMAL,0,0,0,0,0,19,2,15,18,6,15,19
1,4,GUTS_DOWN,POW,WARU,0,0,0,0,0,19,3,13,-2,21,10,19
2,5,DAI_DAMAGE,POW,NORMAL,0,0,0,0,0,19,1,25,-9,7,10,19
2,6,HISSATSU,POW,NORMAL,0,0,0,0,0,19,2,39,11,19,10,50
2,7,HISSATSU,POW,NORMAL,0,0,0,0,0,19,3,43,10,21,15,55
2,8,CRITICAL,POW,NORMAL,0,0,0,0,0,19,4,22,-4,8,19,23
2,9,CRITICAL,POW,NORMAL,0,0,0,0,0,19,5,30,-7,8,26,27
3,10,GUTS_DOWN,IQ,NORMAL,0,0,0,0,0,19,1,2,15,34,5,30
3,11,GUTS_DOWN,IQ,NORMAL,0,0,0,0,0,19,2,15,6,39,5,39
3,12,HISSATSU,IQ,NORMAL,0,0,0,0,0,19,3,25,-2,45,10,40
3,13,HISSATSU,IQ,NORMAL,0,0,0,0,0,19,4,41,-12,41,10,40
3,14,HISSATSU,IQ,NORMAL,0,0,0,0,0,19,5,59,-16,45,20,50
0,15,CRITICAL,POW,YOI,0,0,0,0,0,19,3,20,2,10,25,25
1,16,DAI_DAMAGE,POW,NORMAL,0,0,0,0,0,19,4,35,-3,11,10,30
2,17,HISSATSU,POW,NORMAL,0,0,0,0,0,19,6,37,-10,18,30,39
0,0,KIHON,POW,NORMAL,0,0,0,0,0,20,1,19,0,0,0,13
1,1,KIHON,POW,NORMAL,0,0,0,0,0,20,1,15,5,0,0,11
2,2,GUTS_DOWN,IQ,NORMAL,0,0,0,0,0,20,1,15,-3,19,5,19
2,3,GUTS_DOWN,IQ,WARU,0,0,0,0,0,20,2,18,-4,40,5,30
2,4,CRITICAL,IQ,NORMAL,0,0,0,0,0,20,3,22,-4,8,16,20
2,5,CRITICAL,IQ,YOI,0,0,0,0,0,20,4,31,-10,9,22,26
3,6,DAI_DAMAGE,IQ,NORMAL,0,0,0,0,0,20,1,46,-13,8,5,29
3,7,HISSATSU,IQ,NORMAL,0,0,0,0,0,20,2,39,3,16,10,45
3,8,HISSATSU,IQ,NORMAL,0,0,0,0,0,20,3,50,-1,18,15,50
1,9,MEICHU,POW,NORMAL,0,0,0,0,0,20,2,25,10,5,5,23
0,0,KIHON,POW,NORMAL,0,0,0,0,0,21,1,12,-5,0,0,11
0,1,KIHON,POW,NORMAL,0,0,0,0,0,21,2,9,3,0,0,10
0,2,HISSATSU,POW,NORMAL,0,0,0,0,0,21,3,30,1,25,5,50
0,3,HISSATSU,POW,NORMAL,0,0,0,0,0,21,4,35,1,30,5,55
1,4,MEICHU,IQ,NORMAL,0,0,0,0,0,21,1,8,15,5,5,16
1,5,GUTS_DOWN,IQ,NORMAL,0,0,0,0,0,21,2,7,-10,20,5,17
1,6,GUTS_DOWN,IQ,NORMAL,0,0,0,0,0,21,3,11,-7,36,5,32
2,7,MEICHU,IQ,NORMAL,0,0,0,0,0,21,1,8,29,10,5,25
2,8,DAI_DAMAGE,IQ,NORMAL,0,0,0,0,0,21,2,25,-17,10,5,23
2,9,DAI_DAMAGE,IQ,NORMAL,0,0,0,0,0,21,3,34,-17,10,5,30
3,10,CRITICAL,IQ,NORMAL,0,0,0,0,0,21,1,11,-5,10,15,19
3,11,CRITICAL,IQ,NORMAL,0,0,0,0,0,21,2,21,-10,10,18,29
0,0,KIHON,POW,NORMAL,0,0,0,0,0,22,1,7,10,5,0,10
0,1,CRITICAL,POW,NORMAL,0,0,0,0,0,22,2,26,-8,26,35,29
1,2,KIHON,POW,NORMAL,0,0,0,0,0,22,1,10,8,5,5,12
1,3,MEICHU,POW,NORMAL,0,0,0,0,0,22,2,15,10,10,15,18
1,4,CRITICAL,POW,NORMAL,0,0,0,0,0,22,3,15,2,10,25,20
1,5,CRITICAL,POW,NORMAL,0,0,0,0,0,22,4,19,0,10,30,25
2,6,MEICHU,POW,NORMAL,0,0,0,0,0,22,1,20,10,13,15,27
2,7,MEICHU,POW,NORMAL,0,0,0,0,0,22,2,15,16,12,15,30
2,8,DAI_DAMAGE,POW,NORMAL,0,0,0,0,0,22,3,20,-13,10,15,20
3,9,GUTS_DOWN,POW,NORMAL,0,0,0,0,0,22,1,14,-8,25,15,22
3,10,HISSATSU,IQ,WARU,0,0,0,0,0,22,2,30,-6,40,15,50
3,11,HISSATSU,POW,YOI,0,0,0,0,0,22,3,45,-11,25,15,50
3,12,DAI_DAMAGE,POW,NORMAL,0,0,0,0,0,22,4,50,-22,17,15,30
0,0,KIHON,POW,NORMAL,0,0,0,0,0,23,1,14,-4,5,0,12
0,1,DAI_DAMAGE,POW,NORMAL,0,0,0,0,0,23,2,42,-16,25,5,33
0,2,GUTS_DOWN,IQ,NORMAL,0,0,0,0,0,23,3,16,-8,39,5,29
1,3,KIHON,IQ,NORMAL,0,0,0,0,0,23,1,10,9,5,0,10
1,4,DAI_DAMAGE,POW,NORMAL,0,0,0,0,0,23,2,25,-12,15,5,22
1,5,GUTS_DOWN,IQ,NORMAL,0,0,0,0,0,23,3,13,-7,29,5,22
1,6,HISSATSU,POW,NORMAL,0,0,0,0,0,23,4,36,4,22,5,45
2,7,MEICHU,POW,NORMAL,0,0,0,0,0,23,1,12,10,10,5,16
2,8,MEICHU,IQ,NORMAL,0,0,0,0,0,23,2,14,21,10,5,23
2,9,CRITICAL,IQ,NORMAL,0,0,0,0,0,23,3,17,-5,12,15,21
3,10,CRITICAL,IQ,NORMAL,0,0,0,0,0,23,1,28,-7,10,22,31
3,11,HISSATSU,IQ,NORMAL,0,0,0,0,0,23,2,25,-5,45,5,40
0,0,KIHON,POW,NORMAL,0,0,0,0,0,24,1,13,0,5,0,10
0,1,MEICHU,IQ,NORMAL,0,0,0,0,0,24,2,20,9,0,5,17
0,2,GUTS_DOWN,POW,NORMAL,0,0,0,0,0,24,3,15,1,16,5,18
1,3,KIHON,POW,NORMAL,0,0,0,0,0,24,1,15,6,0,5,12
1,4,DAI_DAMAGE,POW,NORMAL,0,0,0,0,0,24,2,42,-12,16,6,29
1,5,GUTS_DOWN,POW,WARU,0,0,0,0,0,24,3,21,1,25,6,27
2,6,MEICHU,IQ,NORMAL,0,0,0,0,0,24,1,19,17,13,5,26
2,7,DAI_DAMAGE,IQ,NORMAL,0,0,0,0,0,24,2,33,-10,0,5,19
2,8,CRITICAL,POW,NORMAL,0,0,0,0,0,24,3,20,-2,6,16,19
3,9,CRITICAL,IQ,YOI,0,0,0,0,0,24,1,29,-5,13,19,29
3,10,HISSATSU,IQ,NORMAL,0,0,0,0,0,24,2,35,5,35,5,45
2,11,HISSATSU,POW,NORMAL,0,0,0,0,0,24,4,61,-10,20,8,45
0,0,KIHON,POW,NORMAL,0,0,0,0,0,25,1,9,2,5,0,10
0,1,MEICHU,POW,NORMAL,0,0,0,0,0,25,2,10,6,9,6,15
0,2,MEICHU,POW,NORMAL,0,0,0,0,0,25,3,15,13,14,7,27
0,3,HISSATSU,POW,NORMAL,0,0,0,0,0,25,4,38,-10,22,10,38
1,4,KIHON,POW,NORMAL,0,0,0,0,0,25,1,12,-5,5,5,12
1,5,GUTS_DOWN,IQ,NORMAL,0,0,0,0,0,25,2,13,-11,24,5,19
2,6,CRITICAL,POW,NORMAL,0,0,0,0,0,25,1,19,-6,19,19,27
2,7,CRITICAL,POW,NORMAL,0,0,0,0,0,25,2,28,-9,20,25,36
2,8,CRITICAL,IQ,NORMAL,0,0,0,0,0,25,3,14,-10,13,16,16
2,9,HISSATSU,IQ,YOI,0,0,40,0,0,25,4,0,-15,0,0,45
2,10,HISSATSU,IQ,WARU,0,50,0,0,0,25,5,35,-15,0,0,40
3,11,HISSATSU,IQ,NORMAL,0,0,0,0,0,25,1,20,10,20,10,35
3,12,HISSATSU,IQ,NORMAL,0,0,0,0,0,25,2,25,3,25,15,40
3,13,HISSATSU,IQ,YOI,0,0,0,0,0,25,3,45,-5,25,20,50
3,14,HISSATSU,IQ,NORMAL,0,0,0,0,0,25,4,44,-13,16,10,38
1,15,DAI_DAMAGE,POW,NORMAL,0,0,0,0,0,25,3,24,-9,12,9,24
1,16,DAI_DAMAGE,POW,NORMAL,0,0,0,0,0,25,4,39,-14,19,10,34
1,17,DAI_DAMAGE,POW,NORMAL,0,0,0,0,0,25,5,49,-16,20,10,39
3,18,DAI_DAMAGE,POW,NORMAL,0,0,0,0,0,25,5,25,-12,7,5,19
3,19,DAI_DAMAGE,POW,NORMAL,0,0,0,0,0,25,6,29,-13,15,7,25
0,0,KIHON,POW,NORMAL,0,0,0,0,0,26,1,16,-2,10,0,12
1,1,KIHON,POW,NORMAL,0,0,0,0,0,26,2,18,-4,10,5,15
1,2,DAI_DAMAGE,POW,WARU,0,0,0,0,0,26,1,42,-16,29,11,29
2,3,CRITICAL,IQ,WARU,0,0,0,0,0,26,1,24,-5,24,24,28
3,4,MEICHU,IQ,WARU,0,0,0,0,0,26,1,21,16,15,10,28
3,5,HISSATSU,POW,WARU,0,0,0,0,0,26,2,50,-15,50,15,50
2,0,DAI_DAMAGE,POW,NORMAL,0,0,0,0,0,27,1,26,-9,7,10,20
1,1,MEICHU,POW,NORMAL,0,0,0,0,0,27,3,14,13,7,5,17
0,2,CRITICAL,POW,NORMAL,0,0,0,0,0,27,3,16,-3,9,16,18
2,3,HISSATSU,IQ,NORMAL,0,0,0,0,0,27,2,39,-7,22,13,39
1,4,DAI_DAMAGE,POW,NORMAL,0,0,0,0,0,27,4,19,-13,10,5,14
1,5,DAI_DAMAGE,POW,YOI,0,0,0,0,0,27,5,41,-16,17,10,29
0,6,HISSATSU,IQ,WARU,0,0,0,0,0,27,2,35,-15,48,5,35
0,7,KIHON,POW,NORMAL,0,0,0,0,0,27,1,12,10,0,0,10
0,8,HISSATSU,POW,NORMAL,0,0,0,0,0,27,4,44,1,10,5,40
1,9,KIHON,POW,NORMAL,0,0,0,0,0,27,1,16,-4,0,5,11
1,10,KIHON,POW,NORMAL,0,0,0,0,0,27,2,20,-2,10,10,19
2,11,GUTS_DOWN,IQ,NORMAL,0,0,0,0,0,27,3,5,0,25,5,16
3,12,MEICHU,POW,NORMAL,0,0,0,0,0,27,1,19,15,13,5,27
3,13,GUTS_DOWN,IQ,WARU,0,0,0,0,0,27,2,12,-5,37,5,24
3,14,CRITICAL,POW,YOI,0,0,0,0,0,27,3,24,-6,16,23,28
0,15,HISSATSU,POW,NORMAL,0,0,0,0,0,27,5,25,10,25,10,30
1,16,HISSATSU,POW,WARU,0,0,0,0,0,27,6,55,-5,30,10,55
0,0,KIHON,POW,NORMAL,0,0,0,0,0,28,1,14,0,0,5,11
0,1,KIHON,POW,NORMAL,0,0,0,0,0,28,2,20,0,0,5,21
0,2,CRITICAL,POW,NORMAL,0,0,0,0,0,28,3,20,4,8,20,24
0,3,HISSATSU,POW,WARU,0,255,0,0,0,28,4,30,-20,0,0,40
1,4,KIHON,POW,NORMAL,0,0,0,0,0,28,1,14,6,5,0,14
1,5,KIHON,POW,NORMAL,0,0,0,0,0,28,2,21,6,11,0,22
1,6,MEICHU,POW,NORMAL,0,0,0,0,0,28,3,28,11,7,5,30
1,7,DAI_DAMAGE,POW,NORMAL,0,0,0,0,0,28,4,29,-16,5,9,16
1,8,DAI_DAMAGE,POW,NORMAL,0,0,0,0,0,28,5,39,-10,6,9,23
2,9,MEICHU,POW,NORMAL,0,0,0,0,0,28,1,14,15,6,5,17
2,10,MEICHU,POW,NORMAL,0,0,0,0,0,28,2,22,13,8,10,28
2,11,GUTS_DOWN,POW,NORMAL,0,0,0,0,0,28,3,15,-3,31,7,27
2,12,GUTS_DOWN,POW,NORMAL,0,0,0,0,0,28,4,26,-5,41,9,39
2,13,CRITICAL,IQ,NORMAL,0,0,0,0,0,28,5,15,-2,15,19,18
2,14,CRITICAL,IQ,NORMAL,0,0,0,0,0,28,6,25,-2,25,25,35
3,15,DAI_DAMAGE,IQ,NORMAL,0,0,0,0,0,28,1,50,-12,10,10,35
3,16,GUTS_DOWN,IQ,NORMAL,0,0,0,0,0,28,2,9,-8,31,9,18
3,17,HISSATSU,IQ,YOI,0,0,40,0,0,28,3,0,-20,0,0,40
3,18,HISSATSU,IQ,NORMAL,0,0,0,0,0,28,4,30,15,15,15,45
3,19,HISSATSU,IQ,NORMAL,0,0,0,0,0,28,5,50,5,15,5,50
0,0,KIHON,POW,NORMAL,0,0,0,0,0,29,1,8,10,0,5,10
0,1,KIHON,POW,NORMAL,0,0,0,0,0,29,2,15,10,0,9,14
0,2,DAI_DAMAGE,POW,NORMAL,0,0,0,0,0,29,3,23,-5,5,5,18
0,3,GUTS_DOWN,IQ,YOI,0,0,0,0,0,29,4,8,-8,40,5,27
1,4,GUTS_DOWN,POW,WARU,0,0,0,0,0,29,1,6,-9,29,5,19
1,5,GUTS_DOWN,POW,WARU,0,0,0,0,0,29,2,11,-12,39,5,29
1,6,MEICHU,IQ,NORMAL,0,0,0,0,0,29,3,15,15,14,5,30
1,7,KIHON,IQ,NORMAL,0,0,0,0,0,29,4,10,12,0,0,12
1,8,CRITICAL,IQ,YOI,0,0,0,0,0,29,5,15,2,6,20,18
2,9,MEICHU,IQ,NORMAL,0,0,0,0,0,29,1,12,20,5,5,19
2,10,MEICHU,IQ,NORMAL,0,0,0,0,0,29,2,20,15,7,5,28
2,11,DAI_DAMAGE,IQ,NORMAL,0,0,0,0,0,29,3,38,-15,15,10,30
2,12,CRITICAL,IQ,YOI,0,0,0,0,0,29,4,20,0,12,25,28
2,13,HISSATSU,IQ,NORMAL,0,0,0,0,0,29,5,39,-10,39,5,50
2,14,HISSATSU,IQ,NORMAL,0,0,0,0,0,29,6,20,15,30,5,45
3,15,HISSATSU,IQ,YOI,0,0,0,0,0,29,1,30,-4,15,30,35
3,16,CRITICAL,IQ,NORMAL,0,0,0,0,0,29,2,23,4,5,20,34
3,17,HISSATSU,IQ,NORMAL,0,0,0,0,0,29,3,49,-15,49,10,55
3,18,HISSATSU,IQ,YOI,0,0,30,0,0,29,4,0,-20,0,0,40
3,19,CRITICAL,IQ,NORMAL,0,0,0,0,0,29,5,11,-2,7,30,16
3,20,HISSATSU,IQ,NORMAL,0,0,0,0,0,29,6,30,5,40,15,50
0,0,KIHON,POW,NORMAL,0,0,0,0,0,30,1,9,8,0,0,10
0,1,KIHON,POW,NORMAL,0,0,0,0,0,30,2,12,-1,0,0,12
0,2,KIHON,POW,NORMAL,0,0,0,0,0,30,3,15,-1,0,5,15
0,3,KIHON,POW,NORMAL,0,0,0,0,0,30,4,22,-6,6,10,21
1,4,MEICHU,IQ,NORMAL,0,0,0,0,0,30,1,10,16,10,9,16
1,5,MEICHU,IQ,NORMAL,0,0,0,0,0,30,2,16,14,12,15,24
1,6,HISSATSU,IQ,NORMAL,0,0,0,0,0,30,3,19,15,18,15,35
1,7,CRITICAL,POW,NORMAL,0,0,0,0,0,30,4,17,-7,7,25,19
1,8,CRITICAL,POW,NORMAL,0,0,0,0,0,30,5,23,-10,13,29,28
1,9,HISSATSU,POW,YOI,0,0,0,0,0,30,6,31,-10,15,35,35
2,10,DAI_DAMAGE,IQ,NORMAL,0,0,0,0,0,30,1,18,-10,14,10,19
2,11,DAI_DAMAGE,IQ,NORMAL,0,0,0,0,0,30,2,28,-12,15,10,26
2,12,HISSATSU,IQ,NORMAL,0,0,0,0,0,30,3,38,-12,19,10,35
2,13,GUTS_DOWN,IQ,WARU,0,0,0,0,0,30,4,2,2,32,10,20
3,14,HISSATSU,POW,NORMAL,0,0,0,0,0,30,1,30,0,5,10,35
3,15,HISSATSU,POW,NORMAL,0,0,0,0,0,30,2,35,-2,5,20,40
3,16,HISSATSU,POW,NORMAL,0,0,0,0,0,30,3,40,-5,35,20,50
0,0,KIHON,POW,NORMAL,0,0,0,0,0,31,1,16,3,5,0,15
1,1,MEICHU,IQ,NORMAL,0,0,0,0,0,31,1,14,15,5,5,18
2,2,KIHON,IQ,NORMAL,0,0,0,0,0,31,1,13,0,0,0,12
2,3,DAI_DAMAGE,IQ,NORMAL,0,0,0,0,0,31,2,34,-14,8,5,23
2,4,GUTS_DOWN,IQ,NORMAL,0,0,0,0,0,31,3,10,-6,25,5,18
2,5,GUTS_DOWN,IQ,NORMAL,0,0,0,0,0,31,4,21,-8,35,5,30
3,6,HISSATSU,IQ,WARU,50,50,0,0,0,31,1,40,-20,40,0,50
3,7,HISSATSU,IQ,NORMAL,0,0,0,0,0,31,2,44,-10,33,5,45
3,8,HISSATSU,IQ,NORMAL,0,0,0,0,0,31,3,55,-13,44,5,50
0,0,KIHON,POW,NORMAL,0,0,0,0,0,32,1,8,5,5,0,11
0,1,HISSATSU,POW,WARU,0,0,0,60,60,32,2,60,-20,55,10,50
1,2,KIHON,POW,NORMAL,0,0,0,0,0,32,1,14,0,0,5,15
1,3,GUTS_DOWN,IQ,NORMAL,0,0,0,0,0,32,2,8,-9,23,5,19
1,4,GUTS_DOWN,IQ,NORMAL,0,0,0,0,0,32,3,7,-8,39,5,27
2,5,MEICHU,POW,NORMAL,0,0,0,0,0,32,1,10,12,5,10,15
2,6,MEICHU,IQ,NORMAL,0,0,0,0,0,32,2,15,8,15,10,26
2,7,MEICHU,IQ,NORMAL,0,0,0,0,0,32,3,20,15,18,10,35
2,8,HISSATSU,IQ,YOI,0,0,0,0,0,32,4,31,0,31,10,40
2,9,DAI_DAMAGE,IQ,NORMAL,0,0,0,0,0,32,5,43,-18,10,10,33
2,10,CRITICAL,IQ,NORMAL,0,0,0,0,0,32,6,19,-3,11,26,28
3,11,DAI_DAMAGE,IQ,NORMAL,0,0,0,0,0,32,1,29,-20,5,5,19
3,12,CRITICAL,IQ,YOI,0,0,0,0,0,32,2,28,-8,10,30,31
3,13,DAI_DAMAGE,IQ,WARU,0,0,0,0,0,32,3,55,-22,19,5,39
3,14,CRITICAL,POW,NORMAL,0,0,0,0,0,32,4,15,-11,5,21,17
3,15,HISSATSU,IQ,YOI,0,0,0,0,0,32,5,25,2,25,25,45
1,16,MEICHU,POW,NORMAL,0,0,0,0,0,32,4,20,15,8,10,30
1,17,HISSATSU,POW,NORMAL,0,0,0,0,0,32,5,31,6,8,10,39
0,0,KIHON,POW,NORMAL,0,0,0,0,0,33,1,7,8,0,0,11
0,1,MEICHU,POW,NORMAL,0,0,0,0,0,33,2,6,22,5,5,13
0,2,MEICHU,POW,NORMAL,0,0,0,0,0,33,3,12,21,5,5,21
0,3,HISSATSU,IQ,WARU,0,255,0,0,0,33,4,25,0,0,0,50
1,4,KIHON,POW,NORMAL,0,0,0,0,0,33,1,6,11,0,0,10
1,5,DAI_DAMAGE,POW,NORMAL,0,0,0,0,0,33,2,15,-1,5,5,18
1,6,DAI_DAMAGE,POW,NORMAL,0,0,0,0,0,33,3,25,-11,10,5,25
2,7,GUTS_DOWN,IQ,NORMAL,0,0,0,0,0,33,1,4,9,22,5,26
2,8,GUTS_DOWN,IQ,NORMAL,0,0,0,0,0,33,2,8,-1,33,5,35
2,9,HISSATSU,POW,NORMAL,0,0,0,0,0,33,3,21,10,17,5,35
3,10,CRITICAL,IQ,NORMAL,0,0,0,0,0,33,1,12,1,10,19,21
3,11,CRITICAL,IQ,YOI,0,0,0,0,0,33,2,20,-4,10,25,27
0,0,KIHON,POW,NORMAL,0,0,0,0,0,34,1,12,10,0,0,10
0,1,DAI_DAMAGE,POW,NORMAL,0,0,0,0,0,34,2,27,-2,10,5,21
0,2,DAI_DAMAGE,POW,NORMAL,0,0,0,0,0,34,3,34,-4,11,8,27
0,3,HISSATSU,IQ,NORMAL,0,0,0,0,0,34,4,25,4,35,5,35
0,4,HISSATSU,IQ,NORMAL,0,0,0,0,0,34,5,30,1,40,5,40
0,5,HISSATSU,IQ,NORMAL,0,0,0,0,0,34,6,35,0,45,10,45
1,6,KIHON,POW,NORMAL,0,0,0,0,0,34,1,16,5,0,0,12
1,7,DAI_DAMAGE,POW,NORMAL,0,0,0,0,0,34,2,39,-12,20,10,29
1,8,GUTS_DOWN,POW,NORMAL,0,0,0,0,0,34,3,16,-2,24,5,20
1,9,HISSATSU,POW,NORMAL,0,0,0,0,0,34,4,35,10,10,5,35
1,10,HISSATSU,POW,NORMAL,0,0,0,0,0,34,5,40,15,15,5,45
1,11,HISSATSU,POW,NORMAL,0,0,0,0,0,34,6,42,15,21,5,50
2,12,KIHON,POW,NORMAL,0,0,0,0,0,34,1,19,5,5,0,15
2,13,MEICHU,IQ,NORMAL,0,0,0,0,0,34,2,16,24,14,5,25
2,14,CRITICAL,IQ,NORMAL,0,0,0,0,0,34,3,23,-7,6,15,18
3,15,KIHON,POW,NORMAL,0,0,0,0,0,34,1,24,2,5,5,20
3,16,MEICHU,IQ,NORMAL,0,0,0,0,0,34,2,15,18,5,5,17
3,17,GUTS_DOWN,POW,WARU,0,0,0,0,0,34,3,27,0,41,5,37
3,18,CRITICAL,IQ,NORMAL,0,0,0,0,0,34,4,28,-3,5,17,24
3,19,CRITICAL,IQ,NORMAL,0,0,0,0,0,34,5,31,-6,14,19,29
3,20,HISSATSU,IQ,YOI,0,0,0,0,0,34,6,38,-6,22,25,40
0,0,KIHON,POW,NORMAL,0,0,0,0,0,35,1,15,8,5,0,13
0,1,GUTS_DOWN,IQ,NORMAL,0,0,0,0,0,35,2,10,-6,26,5,16
0,2,HISSATSU,POW,NORMAL,0,0,0,0,0,35,3,61,-10,37,10,50
1,3,KIHON,POW,NORMAL,0,0,0,0,0,35,1,20,3,5,0,16
1,4,GUTS_DOWN,IQ,WARU,0,0,0,0,0,35,2,21,-8,38,8,26
2,5,MEICHU,IQ,NORMAL,0,0,0,0,0,35,1,15,14,8,8,18
2,6,DAI_DAMAGE,POW,NORMAL,0,0,0,0,0,35,2,31,-11,5,5,18
3,7,MEICHU,IQ,NORMAL,0,0,0,0,0,35,1,19,18,16,8,28
3,8,DAI_DAMAGE,POW,NORMAL,0,0,0,0,0,35,2,41,-9,11,5,27
3,9,CRITICAL,IQ,NORMAL,0,0,0,0,0,35,3,22,-7,10,16,19
3,10,CRITICAL,IQ,WARU,0,0,0,0,0,35,4,24,1,12,18,26
3,11,HISSATSU,IQ,YOI,0,0,30,0,0,35,5,0,-25,0,0,40
0,0,KIHON,POW,NORMAL,0,0,0,0,0,36,1,14,5,0,0,13
0,1,MEICHU,POW,NORMAL,0,0,0,0,0,36,2,20,18,9,5,26
0,2,MEICHU,POW,NORMAL,0,0,0,0,0,36,3,24,18,11,5,30
1,3,KIHON,POW,NORMAL,0,0,0,0,0,36,1,10,7,0,5,10
1,4,MEICHU,POW,NORMAL,0,0,0,0,0,36,2,15,20,5,5,19
1,5,MEICHU,POW,NORMAL,0,0,0,0,0,36,3,19,16,13,5,27
1,6,HISSATSU,POW,NORMAL,0,0,0,0,0,36,4,26,13,15,5,34
1,7,HISSATSU,POW,NORMAL,0,0,0,0,0,36,5,50,-10,25,5,50
1,8,DAI_DAMAGE,POW,NORMAL,0,0,0,0,0,36,6,28,-8,7,5,20
2,9,DAI_DAMAGE,POW,NORMAL,0,0,0,0,0,36,1,40,-8,10,5,29
2,10,GUTS_DOWN,POW,NORMAL,0,0,0,0,0,36,2,12,-5,23,5,18
2,11,CRITICAL,POW,NORMAL,0,0,0,0,0,36,3,16,4,5,17,17
2,12,CRITICAL,IQ,NORMAL,0,0,0,0,0,36,4,25,-11,23,25,28
3,13,GUTS_DOWN,IQ,NORMAL,0,0,0,0,0,36,1,20,-7,37,5,28
3,14,HISSATSU,POW,NORMAL,0,0,0,0,0,36,2,35,-4,35,15,44
0,0,KIHON,POW,NORMAL,0,0,0,0,0,37,1,12,-5,0,0,10
0,1,MEICHU,POW,NORMAL,0,0,0,0,0,37,2,15,8,5,5,14
1,2,KIHON,POW,NORMAL,0,0,0,0,0,37,1,14,-8,5,0,10
1,3,MEICHU,POW,NORMAL,0,0,0,0,0,37,2,18,8,10,5,19
1,4,DAI_DAMAGE,POW,NORMAL,0,0,0,0,0,37,3,27,-13,5,5,15
1,5,HISSATSU,IQ,WARU,0,255,0,0,0,37,4,30,-19,0,0,50
2,6,GUTS_DOWN,IQ,NORMAL,0,0,0,0,0,37,1,12,-4,19,8,15
2,7,CRITICAL,IQ,NORMAL,0,0,0,0,0,37,2,21,-13,15,15,17
2,8,HISSATSU,POW,NORMAL,0,0,0,0,0,37,3,39,5,29,7,45
3,9,DAI_DAMAGE,POW,NORMAL,0,0,0,0,0,37,1,38,-13,12,5,23
3,10,CRITICAL,IQ,YOI,0,0,0,0,0,37,2,31,-11,23,21,29
3,11,CRITICAL,IQ,NORMAL,0,0,0,0,0,37,3,27,-9,15,19,24
