BreedId,TechniqueRangeId,Slot,Name,TechniqueTypeId,GutsCost,Force,HitPercent,Withering,Sharpness,Effect,DurationHit,DurationMiss,Errantry
0,1,1,Pat,0,12,6,10,0,0,,3.8,3.8,-1
0,1,2,Slap,0,18,15,9,5,0,,3.8,4.1,0
0,1,3,Kick,0,10,7,4,0,0,,3.8,4.1,-1
0,1,4,High Kick,0,19,15,3,5,5,,3.3,4.3,0
0,1,5,Heel Raid,2,30,28,-10,20,5,,5.5,4.3,2
0,2,1,Bang,5,42,34,-11,16,15,,6.1,4.8,5
0,2,2,Big Bang,5,46,41,-17,23,22,,6.8,5.1,5
0,2,3,1-2 Punch,0,15,12,15,0,5,,5.1,3.5,-2
0,2,4,Phantom Claw,4,25,15,15,5,5,,4.8,2.3,4
0,2,5,Death Final,5,52,44,-18,44,5,,4.1,4.1,5
0,3,1,Bolt,4,16,9,13,5,3,,2.1,2.1,4
0,3,2,Lightning,4,25,16,12,5,5,,4.8,2.1,4
0,3,3,Kiss,3,18,0,2,25,8,,3.1,2.3,3
0,3,4,Life Steal,5,40,20,-10,0,0,Life steal,3.1,3.1,5
0,3,5,Refreshment,5,50,30,-20,0,0,Recovers Lif,4.1,3.5,5
0,3,6,Fire Breath,5,49,45,-14,19,8,,2.8,2.5,5
0,4,1,Flame,2,19,24,-15,11,5,,2.8,2.5,2
0,4,2,Gigaflame,2,30,39,-19,15,5,,6.8,4.5,2
0,4,3,Ray,1,17,12,-3,5,16,,2.3,2.1,1
0,4,4,Megaray,1,29,19,-4,5,21,,5.8,4.1,1
0,4,5,Gigaray,1,34,25,-8,5,32,,6.1,4.5,1
1,1,1,Tail Whip,0,11,17,5,0,0,,2.8,2.8,-1
1,1,2,Tail Attack,0,16,23,5,0,0,,3.8,2.8,0
1,1,3,Bite,0,13,13,10,5,0,,3.1,3.1,-1
1,1,4,Two Bites,0,18,18,7,8,5,,4.5,3.5,0
1,1,5,Dragon Punch,1,17,18,-1,7,17,,4.5,2.8,1
1,2,1,Wing Attack,4,17,15,14,5,5,,2.8,3.1,4
1,2,2,Wing Combo,4,22,22,14,6,5,,5.8,4.8,4
1,2,3,Claw Combo,2,19,30,-10,9,5,,6.5,5.3,2
1,2,4,Claw,1,24,24,-5,12,24,,4.1,3.1,1
1,2,5,SpinningClaw,1,30,32,-7,12,24,,5.1,3.1,1
1,3,1,Flutter,4,29,21,19,15,5,,3.1,3.3,4
1,3,2,Flutters,4,33,31,14,15,5,,5.8,4.1,4
1,3,3,Trample,2,27,50,-16,13,5,,6.1,4.5,2
1,3,4,Fire Breath,3,20,20,-8,25,5,,3.5,3.5,3
1,3,5,Dragon Combo,5,50,65,-20,35,15,,7.3,5.5,5
1,4,1,Inferno,3,29,27,-8,39,5,,6.1,4.5,3
1,4,2,Glide Charge,1,27,22,9,5,27,,4.5,3.8,1
1,4,3,SlammingDown,5,40,36,0,36,5,,4.8,5.8,5
1,4,4,Flying Combo,2,25,46,-15,10,5,,6.1,4.8,2
2,1,1,Smash,0,13,15,5,0,5,,2.8,3.1,-1
2,1,2,Smash Combo,0,20,20,5,5,5,,5.1,4.1,0
2,1,3,Triple Stabs,4,27,25,15,5,5,,4.8,3.8,4
2,1,4,Stab-Throw,2,28,49,-15,9,5,,5.5,2.3,2
2,1,5,Z Smash,5,55,35,5,35,25,,5.5,4.5,5
2,2,1,Turn Stab,4,18,16,16,5,5,,4.8,2.8,4
2,2,2,Mind Flare,3,22,16,-4,29,5,,4.1,3.8,3
2,2,3,Mind Blast,3,27,26,-8,34,5,,5.5,3.8,3
2,2,4,Cross Slash,5,45,25,10,25,25,,6.1,5.1,5
2,3,1,RearLeg Kick,0,11,12,8,5,0,,5.1,5.1,-1
2,3,2,Energy Shot,3,17,9,0,24,5,,2.3,2.8,3
2,3,3,Javelin,1,17,17,-1,7,17,,4.3,3.3,1
2,3,4,Death Thrust,2,35,62,-18,19,5,,6.1,1.3,2
2,4,1,Rush Slash,2,18,31,-14,6,5,,4.1,4.1,2
2,4,2,Energy Shots,3,25,11,0,37,5,,5.5,4.5,3
2,4,3,Jump Javelin,1,26,22,-3,10,30,,4.1,3.8,1
2,4,4,Meteor Drive,5,50,55,-5,15,15,,4.3,3.3,5
3,1,1,Face Attack,0,12,12,0,0,0,,3.1,3.1,-1
3,1,2,Giant Whip,2,17,30,-9,5,5,,4.5,3.8,2
3,2,1,Tail Swing,0,10,8,9,5,0,,1.1,1.5,-1
3,2,2,Two Swings,0,14,15,9,5,0,,4.1,1.8,0
3,2,3,Kamikaze,4,28,23,20,18,10,Damages self if missed,5.5,4.1,4
3,2,4,Vital Ritual,5,50,30,-20,30,0,Life and guts steal,3.8,3.8,5
3,3,1,Cracker,3,18,5,0,28,5,,4.1,4.8,3
3,3,2,Megacracker,3,30,11,0,40,5,,4.8,5.1,3
3,3,3,Triple Shots,1,18,20,-2,5,20,,5.8,5.3,1
3,3,4,Delta Attack,5,55,30,15,30,15,,7.5,7.1,5
3,4,1,Shotgun,4,18,14,15,7,5,,4.3,4.1,4
3,4,2,Megashotgun,4,24,22,10,9,5,,4.3,3.5,4
3,4,3,Giant Wheel,2,29,42,-15,12,5,,4.8,2.8,2
3,4,4,Spiral Rush,1,29,26,-5,10,26,,4.5,2.5,1
3,4,5,Meteor Drive,5,50,55,-10,45,5,Damages self if missed,4.8,4.1,5
4,1,1,Punch,0,10,12,6,0,0,,2.8,2.8,-1
4,1,2,Heavy Punch,0,16,15,5,5,5,,3.1,3.3,0
4,1,3,MaximalPunch,0,22,22,3,10,10,,4.8,4.1,0
4,1,4,Horn Strike,0,13,14,2,0,5,,3.1,2.8,-1
4,1,5,Horn Attack,0,18,25,1,0,5,,4.5,3.5,0
4,2,1,SpinningHorn,3,25,16,-12,35,5,,4.8,3.8,3
4,2,2,Punch Combo,5,42,40,-5,15,15,,5.8,4.8,5
4,2,3,BeaclonCombo,5,50,55,-7,20,15,,6.1,5.1,5
4,2,4,Triple Stabs,3,34,21,-5,39,5,,5,3.4,3
4,3,1,Dive Assault,2,18,28,-13,5,5,,3.3,4.3,2
4,3,2,Spiral Dive,2,26,34,-10,8,8,,5.1,3.8,2
4,3,3,Tremor,3,20,8,0,27,5,,4.3,2.5,3
4,3,4,Horn Combo,1,22,22,-8,12,25,,5.3,4.1,1
4,3,5,Horn Smash,5,50,30,10,25,15,,5.1,4.8,5
4,3,6,Earthquake,5,40,37,-15,45,5,,5.1,3.1,5
4,4,1,Top Assault,4,17,13,15,5,5,,4.3,3.3,4
4,4,2,Rolling Bomb,4,25,23,12,9,5,,4.3,3.1,4
4,4,3,Flying Press,2,27,44,-18,15,5,,6.8,4.5,2
4,4,4,Horn Cannon,1,17,15,-10,15,16,,4.5,3.3,1
4,4,5,Frantic Horn,5,55,35,5,35,15,,7.1,6.8,5
4,4,6,Fist Missile,1,30,27,-6,10,27,,4.9,2.8,1
5,1,1,Punch,0,10,13,5,0,0,,2.8,3.1,-1
5,1,2,Kick,0,16,19,1,5,5,,2.8,3.1,0
5,1,3,Heavy Chop,0,15,18,3,6,0,,2.8,3.1,0
5,1,4,Low Kick,0,13,15,7,0,5,,2.8,3.1,-1
5,2,1,Laser Cutter,2,28,42,-15,15,10,,5.3,4.5,2
5,2,2,Yoyo,3,17,10,-3,24,10,,4.1,4.1,3
5,2,3,Laser Sword,5,50,40,-5,40,15,,5.1,3.5,5
5,2,4,Laser Swords,5,55,55,-10,40,20,,4.1,2.5,5
5,2,5,Two Cutters,2,50,50,-18,16,10,,5.3,4.5,2
5,2,6,Two Yoyos,3,29,20,-5,32,10,,4.3,4.5,3
5,3,1,Arm Cannon,4,18,15,15,5,5,,3.5,2.8,4
5,3,2,Napalm Shot,4,24,20,15,5,10,,4.1,2.5,4
5,3,3,Hammer Fall,2,19,27,-9,5,10,,4.3,3.8,2
5,3,4,Burst Cannon,5,35,29,10,14,10,,4.5,3.1,5
5,3,5,Sledge Fall,2,25,35,-8,5,10,,5.1,4.1,2
5,4,1,Sound Wave,3,25,6,1,35,5,,3.1,2.8,3
5,4,2,Fist Missile,1,19,16,6,5,21,,2,2,1
5,4,3,Drill Shot,1,27,22,0,12,25,,4.1,2.8,1
5,4,4,Drill Shots,5,45,35,4,14,30,,4.1,2.8,5
5,4,5,Eye Beam,1,26,24,-2,9,23,,3.8,2.3,1
6,1,1,Weapon,0,10,8,10,5,0,,3.8,3.8,-1
6,1,2,Weapon Combo,0,20,16,5,10,0,,4.8,4.5,0
6,1,3,Kick,4,28,17,17,7,5,,3.8,3.8,4
6,1,4,Spin Kick,4,33,22,15,11,5,,3.8,4.1,4
6,1,5,Twister Kick,5,45,35,15,15,5,,5.3,4.8,5
6,1,6,Punch,2,18,20,-10,10,5,,5.5,4.5,2
6,2,1,Heavy Punch,2,25,27,-7,15,5,,5.5,4.4,2
6,2,2,Wracky Combo,5,50,45,-15,45,5,,6.1,5.1,5
6,2,3,Necromancy,3,20,4,0,28,5,,4.3,3.1,3
6,2,4,Sneak Attack,1,16,11,3,9,19,,4.5,4.1,1
6,2,5,Sneak Combo,1,42,20,2,10,25,,6.1,4.1,1
6,2,6,Fire Juggler,5,50,55,-14,25,5,,3.5,3.5,5
6,3,1,Weapon Throw,0,12,11,6,5,0,,2.5,2.5,-1
6,3,2,Spin Slash,2,28,32,-12,5,10,,4.1,4.1,2
6,3,3,Trick,3,32,5,0,45,5,,4.5,4.1,3
6,3,4,Explosion,5,50,70,-25,50,10,Damages self when used,5.8,4.8,5
6,3,5,Head Spike,5,45,25,-1,37,5,,6.1,3.8,5
6,3,6,Fire Spike,5,50,33,-5,43,5,,6.1,4.1,5
6,4,1,Air Shot,4,17,9,22,8,5,,1.8,1.5,4
6,4,2,Blast Shot,4,28,20,22,12,5,,4.1,2.5,4
6,4,3,TwisterSlash,2,39,46,-13,6,10,,6.3,5.8,2
6,4,4,Beat Dance,5,50,25,0,25,25,,5.5,2.1,5
6,4,5,Cursed Dance,5,55,35,0,35,35,,5.5,2.1,5
6,4,6,Flame,5,50,44,-14,44,5,,5.5,2.8,5
7,1,1,Heavy Punch,0,16,28,-10,5,0,,4.1,3.3,0
7,1,2,Kick,0,12,24,-14,0,5,,4.5,4.1,-1
7,1,3,Heavy Kick,0,18,34,-15,5,6,,4.5,4.1,0
7,1,4,Slap,4,17,22,0,5,5,,4.5,4.5,4
7,1,5,Uppercut,2,21,45,-18,5,5,,5.1,4.3,2
7,1,6,Thwack,3,17,21,-12,19,5,,6.1,4.1,3
7,2,1,Punch,0,10,19,-9,0,0,,4.3,4.3,-1
7,2,2,Brow Hit,1,18,29,-7,10,25,,3.5,3.5,1
7,2,3,Smash Thwack,3,21,23,-13,35,5,,6.5,4.3,3
7,2,4,Clap Attack,1,26,33,-12,13,18,,4.5,4.5,1
7,2,5,Palm Strike,2,24,31,-5,12,5,,5.1,4.1,2
7,2,6,Double Palms,2,33,47,-8,15,5,,5.1,4.1,2
7,3,1,Heavy Slap,4,23,26,2,9,5,,5.1,4.5,4
7,3,2,Diving Press,2,30,65,-20,17,15,Damages self if missed,5.1,4.3,2
7,3,3,Charge,4,26,30,1,11,5,,4.3,4.5,4
7,3,4,Roll Assault,5,50,64,-16,38,10,,4.8,2.4,5
7,4,1,Brow Smash,1,28,44,-16,17,30,,3.5,3.3,1
7,4,2,Earthquake,3,28,27,-11,39,5,,5.5,3.1,3
7,4,3,Giant Clap,1,31,35,-15,30,19,,4.5,2.3,1
7,4,4,Fist Shot,5,50,38,-5,38,15,,4.3,3.5,5
7,4,5,Fist Missile,5,55,45,-3,45,15,,4.1,2.8,5
7,4,6,Cyclone,5,50,78,-16,21,10,,7.1,4.5,5
8,1,1,Claw,0,10,10,0,0,0,,2.8,2.8,-1
8,1,2,MillionClaws,0,15,16,5,5,0,,3.5,3.3,0
8,1,3,Bite,2,18,25,-9,5,5,,3.1,2.8,2
8,1,4,Bite-Throw,2,32,41,-12,19,5,,5.8,4.5,2
8,1,5,Claw Combo,0,23,22,4,10,5,,5.1,4.3,0
8,1,6,MillionBites,2,26,34,-10,10,5,,5.1,3.5,2
8,2,1,Tail,0,12,13,9,0,5,,3.8,3.1,-1
8,2,2,Tail Lash,0,20,18,8,5,5,,4.1,3.1,0
8,2,3,Tail Lashes,0,25,24,7,5,10,,4.5,3.5,0
8,2,4,Dust Cloud,3,27,8,-5,39,5,,3.5,3.5,3
8,2,5,Hypnotism,3,16,7,0,22,5,,4.5,4.5,3
8,2,6,Tail Combo,4,19,19,10,5,5,,4.8,3.5,4
8,3,1,Jumping Claw,1,16,13,-1,8,18,,4.1,2.5,1
8,3,2,Diving Claw,1,22,19,-3,10,18,,4.5,3.8,1
8,3,3,Aerial Claw,5,36,31,-5,17,20,,4.8,3.8,5
8,3,4,Fire Ball,2,28,35,-9,12,5,,4.1,2.5,2
8,3,5,Fire Breath,5,37,49,-13,19,10,,3.5,3.5,5
8,3,6,Jumping Fire,2,32,43,-13,16,5,,4.8,3.1,2
8,4,1,Charge,1,24,20,-6,13,20,,3.8,3.1,1
8,4,2,Fire Charge,1,30,25,-8,25,25,,4.8,3.8,1
8,4,3,Roll Assault,5,50,37,2,26,10,,5.5,3.5,5
8,4,4,Five Balls,5,45,45,-10,25,15,,5.3,3.8,5
8,4,5,Fire Bomb,5,50,59,-15,33,25,Damages self when used,4.5,3.3,5
8,4,6,Burning Roll,5,55,47,-2,32,10,,6.1,5.5,5
9,1,1,Swing,0,18,22,-4,5,8,,3.5,3.5,0
9,1,2,TwisterSlash,2,19,30,-12,5,5,,5.1,3.5,2
9,1,3,Thunderbolt,2,32,57,-17,15,5,,5.5,3.8,2
9,1,4,Flash Slash,1,18,18,-1,5,15,,5.3,2.8,1
9,1,5,Triple Slash,5,40,39,-5,18,15,,6.1,5.8,5
9,1,6,Slash Combo,2,35,60,-15,15,5,,8.5,3.1,2
9,2,1,Cut-In-Two,0,12,16,-2,0,5,,4.8,4.1,-1
9,2,2,MillionStabs,4,27,22,10,12,5,,6.1,5.1,4
9,2,3,Punch Combo,5,45,35,11,20,5,,6.8,6.8,5
9,2,4,DeathBringer,5,50,69,-18,41,5,Damages self when used,5.5,4.3,5
9,2,5,Kick Combo,2,19,25,-5,5,5,,5.7,5.7,2
9,2,6,V Slash,2,21,25,-3,10,15,,6.1,5.1,2
9,3,1,Rush Slash,0,10,14,5,0,5,,2.3,2.3,-1
9,3,2,Dash Slash,0,17,20,5,0,6,,4.5,2.5,0
9,3,3,Charge,4,16,13,15,5,5,,4.1,2.5,4
9,3,4,Air Shot,4,30,17,17,17,5,,4.8,2.8,4
9,3,5,Jumping Stab,1,26,22,0,8,22,,5.3,3.8,1
9,4,1,RollingSlash,2,28,37,-9,12,5,,8.1,5.5,2
9,4,2,Lightning,2,26,43,-11,11,5,,6.1,4.3,2
9,4,3,Blast Shot,4,40,25,14,25,5,,4.8,3.1,4
9,4,4,Sword Throw,1,25,27,-13,12,25,,5.1,3.5,1
9,4,5,Gust Slash,4,19,16,20,5,5,,3.8,2.5,4
10,1,1,Punch,0,10,14,9,0,0,,2.1,2.1,-1
10,1,2,Claw Pinch,2,29,39,-8,15,6,,5.8,4.5,2
10,1,3,Bloodsuction,5,50,30,-10,0,0,Life Steal,3.5,3.5,5
10,1,4,Somersault,1,26,22,3,10,21,,4.5,3.1,1
10,1,5,Somersaults,5,50,44,3,20,25,,5.5,4.3,5
10,1,6,Sting Slash,1,30,18,10,15,25,,4.5,3.1,1
10,2,1,Long Punch,0,19,20,8,7,3,,2.5,1.8,0
10,2,2,Sting,4,16,15,12,6,5,,2.5,2.3,4
10,2,3,TripleStings,4,29,23,15,12,8,,4.5,2.5,4
10,2,4,Tail Swing,2,16,24,-11,9,5,,3.8,2.5,2
10,2,5,Tail Swings,2,23,36,-13,12,6,,3.5,3.3,2
10,2,6,Death Scythe,1,30,18,7,15,28,,3.5,3.3,1
10,3,1,Claw Assault,0,12,17,3,0,5,,4.1,1.8,-1
10,3,2,Jumping Claw,1,16,15,0,8,17,,4.1,2.5,1
10,3,3,Aerial Claw,1,21,19,-1,11,19,,4.1,2.5,1
10,3,4,Acrobatics,5,45,29,13,33,5,,5.8,3.8,5
10,3,5,Meteor,5,45,61,-14,27,5,,5.8,4.8,5
10,3,6,Cyclone,5,50,62,-16,29,10,,5.3,4.9,5
10,4,1,Hidden Sting,4,27,24,19,6,5,,3.8,2.5,4
10,4,2,Energy Shot,3,18,7,5,27,5,,1.5,1.8,3
10,4,3,Energy Shots,3,25,11,5,35,5,,5.1,3.5,3
10,4,4,Javelin,1,24,20,-7,23,20,,4.3,3.5,1
10,4,5,Roll Assault,2,32,50,-9,8,5,,4.3,3.1,2
10,4,6,Fist Missile,5,19,16,5,5,19,,4.5,3.3,5
11,1,1,Bite,0,12,12,4,0,5,,2.5,2.5,-1
11,1,2,Bolt,3,18,9,-2,16,15,,3.3,2.8,3
11,2,1,Scratch,0,10,12,-4,0,5,,2.3,2.5,-1
11,2,2,One-Two,2,18,19,-9,5,20,,4.1,3.5,2
11,2,3,Lightning,3,29,12,-5,34,15,,6.5,3.8,3
11,3,1,Charge,4,15,9,15,5,15,,3.5,2.3,4
11,3,2,Combination,2,25,30,-13,5,20,,4.8,3.5,2
11,3,3,Ice Bomb,1,15,15,-3,0,30,,2.5,2.3,1
11,3,4,Stab,5,45,34,0,17,25,,4.8,3.1,5
11,4,1,Roll Assault,4,23,10,21,10,20,,4.1,3.3,4
11,4,2,Blizzard,1,32,20,2,11,35,,3.5,3.3,1
11,4,3,Roar,5,40,31,-15,40,15,,5.8,5.5,5
12,1,1,Hook,0,12,12,0,0,5,,3.8,4.3,-1
12,1,2,Jump Blow,1,22,15,1,5,15,,4.5,5.1,1
12,1,3,2 Jump Blows,1,29,20,-3,5,23,,4.8,4.8,1
12,1,4,3 Jump Blows,5,35,30,-9,14,30,,6.3,6.3,5
12,1,5,1-2-JumpBlow,5,33,29,-9,18,7,,5.5,4.5,5
12,1,6,Hopper Combo,5,44,49,-15,21,8,,7.5,4.5,5
12,2,1,Jab,0,10,8,8,0,0,,3.3,3.8,-1
12,3,1,Flick,4,17,11,11,5,5,,4.3,4.3,4
12,3,2,Phantom Claw,4,25,15,15,5,5,,3.4,3.4,4
12,4,1,Rapid Flick,4,30,17,17,7,7,,6.5,5.5,4
12,4,2,Flick Combo,5,38,22,7,16,11,,6.8,5.8,5
12,4,3,Lightning,3,30,14,-10,35,5,Can be acquired through combining,2.5,2.7,3
12,4,4,Flame,5,36,35,-16,25,5,,3.1,2.7,5
13,1,1,Straight,4,20,15,20,5,10,,2.5,2.8,4
13,1,2,HardStraight,4,27,20,16,8,12,,3.8,3.3,4
13,1,3,Kung Fu Fist,1,18,19,-9,7,24,,4.1,3.5,1
13,1,4,Kung Fu Blow,1,25,27,-11,8,28,,4.1,3.5,1
13,1,5,Bang,5,45,32,10,22,10,,4.8,3.8,5
13,1,6,Big Bang,5,50,44,5,29,5,,5.1,4.5,5
13,2,1,Back Blow,2,19,29,-14,7,10,,2.8,2.8,2
13,2,2,Rolling Blow,2,27,40,-15,12,11,,3.8,2.8,2
13,2,3,Smash,2,26,45,-18,9,10,,4.8,4.3,2
13,2,4,Heavy Smash,2,33,56,-19,13,12,,4.8,4.5,2
13,2,5,High Kick,1,31,29,-5,12,21,,4.8,4.1,1
13,2,6,Spin Kick,1,36,35,-7,14,25,,4.8,3.8,1
13,3,1,1-2 Punch,0,10,12,15,0,5,,3.1,3.3,-1
13,3,2,Foul Gas,3,14,0,9,27,10,,3.3,2.1,3
13,3,3,Kung Fu Kick,5,44,41,-12,18,29,,4.1,2.8,5
13,3,4,Gas,0,10,7,7,7,0,,3.1,2.1,-1
13,4,1,Stinking Gas,3,25,5,13,35,10,,4.1,2.8,3
14,1,1,Dust Cloud,0,10,12,5,0,0,,3.8,3.8,-1
14,1,2,Bite,4,15,15,0,9,5,,3.8,3.8,4
14,1,3,Two Bites,4,25,23,7,10,5,,3.8,3.8,4
14,1,4,Three Bites,5,33,33,-5,33,5,,5.5,4.5,5
14,1,5,Tongue Slap,2,25,41,-14,11,5,,4.8,4.3,2
14,2,1,Charge,0,13,17,-5,0,5,,4.3,3.8,-1
14,2,2,Roar,1,19,18,-2,10,15,,2.3,1.8,1
14,2,3,Two Roars,1,26,25,-8,8,24,,2.5,1.8,1
14,2,4,MillionRoars,5,34,43,-12,22,15,,4.5,2.8,5
14,3,1,Diving Press,2,30,60,-16,28,15,Damages self if missed,5.8,3.8,2
14,3,2,Sneeze,3,20,16,-9,24,5,,2.5,2.5,3
14,3,3,Mating Song,3,32,19,-7,33,6,,3.5,2.8,3
14,3,4,Foul Wind,5,35,26,-13,40,7,,2.8,2.1,5
14,4,1,Gust Breath,4,19,21,5,5,5,,4.1,1.8,4
14,4,2,Hypnotism,1,21,16,-4,16,25,,2.5,2.1,1
14,4,3,Nap,5,30,30,-20,0,0,Recovers Lif,3.1,3.1,5
15,1,1,Back Blow,4,25,19,13,12,7,,3.1,3.1,4
15,1,2,Fire Wall,4,15,14,11,5,5,,2.8,2.8,4
15,1,3,Blaze Wall,4,27,21,16,13,5,,2.8,3.1,4
15,1,4,Napalm,5,38,34,12,14,5,,4.8,2.8,5
15,2,1,Heavy Blow,4,35,26,15,16,8,,4.5,3.4,4
15,2,2,Thwack,2,17,27,-11,7,5,,5.5,3.5,2
15,2,3,Whirlwind,2,25,35,-9,12,5,,3.8,2.5,2
15,2,4,Typhoon,2,34,42,-12,26,10,,5.3,2.8,2
15,2,5,Hurricane,5,41,50,-10,27,15,,5.5,3.3,5
15,2,6,Spirit Blow,5,38,36,0,25,8,,4.5,2.5,5
15,3,1,Straight,0,10,13,6,0,0,,3.8,1.8,-1
15,3,2,Smash Thwack,2,35,49,-13,19,10,,5.8,2.8,2
15,3,3,Red Wisp,3,18,10,-2,27,5,,5.8,4.8,3
15,3,4,Blue Wisp,3,30,18,-4,44,5,,5.8,5.1,3
15,3,5,Flying Mask,1,17,15,1,7,19,,3.8,3.5,1
15,3,6,Spirit Punch,5,43,45,-5,29,9,,4.3,2.8,5
15,4,1,Thunderbolt,0,13,14,3,5,0,,4.1,2.8,-1
15,4,2,Giant Blow,5,41,33,14,17,6,,4.3,2.5,5
15,4,3,Giant Thwack,5,40,54,-10,24,5,,5.8,2.8,5
15,4,4,Cutting Mask,1,24,19,-1,9,23,,5.5,3.8,1
15,4,5,Hashing Mask,5,38,28,-3,28,28,,7.1,6.8,5
15,4,6,Spirit Smash,5,40,33,-5,45,5,,4.5,3.5,5
16,1,1,Slash Claw,0,10,13,7,0,10,,3.5,3.8,-1
16,1,2,Slash Claws,0,17,19,4,5,10,,3.1,4.1,0
16,1,3,Claw Combo,2,23,36,-12,10,10,,5.5,4.1,2
16,1,4,Smoke Breath,3,18,8,5,24,10,,5.3,4.3,3
16,1,5,Lick,3,19,13,-7,29,5,,3.7,3.7,3
16,1,6,Licking,3,15,13,-11,24,5,,3.9,3.9,3
16,2,1,Thrust Claw,0,12,16,3,0,10,,3.3,3.5,-1
16,2,2,Oil Spray,3,27,23,-11,43,5,,5.1,3.8,3
16,2,3,Turn Claw,1,15,19,-7,12,20,,5.1,3.8,1
16,2,4,Turn Claws,1,28,29,-10,19,25,,5.3,3.1,1
16,2,5,Rolling Claw,5,30,30,-13,30,30,,6.8,3.2,5
16,3,1,Oil Fire,2,17,28,-6,7,5,,3.8,4.3,2
16,3,2,Oil Flame,2,30,46,-15,14,10,,4.8,4.8,2
16,3,3,Drill Claw,1,20,25,0,5,25,,3.5,3.3,1
16,3,4,Twister Claw,4,25,20,20,7,10,,2.1,2.1,4
16,3,5,Tornado Claw,4,35,25,20,10,15,,2.5,2.5,4
16,4,1,Phantom Claw,4,17,17,15,5,10,,3.1,3.8,4
16,4,2,Hopping Claw,2,17,24,-5,8,10,,3.8,4.5,2
16,4,3,Jumping Claw,2,22,36,-18,17,10,,5.5,4.8,2
16,4,4,Aerial Claw,5,30,43,-19,27,19,,5.5,4.8,5
16,4,5,Oil Drinking,5,50,50,-15,0,0,Recovers Lif,2.6,2.8,5
16,4,6,Bolt,3,11,7,-2,16,10,,2.9,2.1,3
17,1,1,Belly Attack,0,12,16,2,0,0,,4.1,4.1,-1
17,1,2,Head Butt,4,16,17,8,5,5,,3.8,3.8,4
17,1,3,Knocking-Up,1,19,20,1,5,16,,4.8,4.5,1
17,2,1,Scratch,0,10,14,-3,0,5,,3.8,3.5,-1
17,2,2,Tail Lashes,4,24,22,13,8,5,,5.3,5.5,4
17,2,3,Sneeze,3,17,11,-4,25,5,,4.5,2.1,3
17,2,4,Body Press,5,40,60,-10,33,5,Damages self if missed,8.3,3.5,5
17,2,5,Wave Riding,5,45,69,-12,41,15,Damages self if missed,8.5,3.8,5
17,3,1,Earthquake,2,29,58,-21,21,5,,4.8,3.8,2
17,3,2,Bubbles,3,30,19,-5,37,5,,4.5,3.8,3
17,3,3,Charge,1,27,24,-1,14,19,,5.5,4.1,1
17,3,4,Zilla Rush,1,32,27,0,16,22,,4.5,3.8,1
17,4,1,Roll Assault,2,21,35,-12,7,5,,10.1,6.5,2
17,4,2,Tidal Wave,5,37,42,-9,24,15,,7.5,3.8,5
18,1,1,Hook,2,25,39,-16,11,5,,3.5,2.8,2
18,2,1,Left Jab,0,10,8,9,0,0,,2.8,2.8,-1
18,2,2,Right Jab,0,12,13,4,0,5,,2.8,2.8,-1
18,2,3,1-2-Hook,2,30,46,-16,15,5,,4.4,3.4,2
18,2,4,Straight,2,20,28,-12,8,5,,3.8,2.8,2
18,2,5,Uppercut,1,21,17,0,9,16,,3.5,2.8,1
18,2,6,1-2-Uppercut,1,29,22,2,12,19,,4.1,3.1,1
18,3,1,1-2-Smash,5,36,53,-16,21,5,,4.8,3.8,5
18,3,2,Magic Punch,2,26,34,-9,9,5,,4.3,3.3,2
18,3,3,Mystic Combo,5,39,33,2,12,15,,4.8,3.8,5
18,4,1,Mystic Punch,5,34,43,-11,18,5,,4.4,3.4,5
18,4,2,Magic Pot,5,35,20,-5,0,0,Life Steal,3.1,3.1,5
18,4,3,Mystic Pot,5,45,0,-10,30,0,Guts Steal,3.1,3.1,5
18,4,4,Miracle Pot,5,60,30,-15,30,0,Life and guts steal,3.1,3.1,5
18,4,5,Bajarl Beam,5,40,24,10,24,5,,3.5,3.8,5
19,1,1,Punch,0,10,9,5,0,0,,3.3,3.5,-1
19,1,2,Head Butt,1,15,15,1,5,23,,3.3,3.5,1
19,1,3,Head Assault,1,25,20,2,10,25,,4.8,3.5,1
19,2,1,Leaping Kick,0,12,12,0,0,5,,3.8,2.5,-1
19,2,2,Scratch,4,19,15,18,6,15,,3.3,3.8,4
19,2,3,Stab,3,19,13,-2,21,10,,4.3,3.5,3
19,2,4,RushingPunch,2,30,35,-3,11,10,,4.3,3.3,2
19,3,1,Diving Press,2,19,25,-9,7,10,,5.1,3.3,2
19,3,2,HundredBlows,5,50,39,11,19,10,,5.8,4.5,5
19,3,3,MillionBlows,5,55,43,10,21,15,,6.8,5.1,5
19,3,4,Twiddling,1,23,22,-4,8,19,,4.8,4.8,1
19,3,5,Twiddling-2,1,27,30,-7,8,26,,5.5,4.5,1
19,3,6,Twiddling-Z,5,39,37,-10,18,30,,5.8,4.6,5
19,4,1,Miaow,3,30,2,15,34,5,,3.1,2.3,3
19,4,2,Song Of Mew,3,39,15,6,39,5,,4.5,2.3,3
19,4,3,Recital,5,40,25,-2,45,10,,4.8,2.8,5
19,4,4,Zap,5,40,41,-12,41,10,,4.8,2.3,5
19,4,5,Maximal Zap,5,50,59,-16,45,20,,4.8,2.8,5
20,1,1,Beak,0,13,19,0,0,0,,3.1,3.3,-1
20,2,1,Talons,0,11,15,5,0,0,,2.8,2.5,-1
20,2,2,Rapid Beaks,4,23,25,10,5,5,,2.8,2.8,4
20,3,1,Flame Shot,3,19,15,-3,19,5,,4.3,2.1,3
20,3,2,Flame Cannon,3,30,18,-4,40,5,,4.7,3,3
20,3,3,Fire Twister,1,20,22,-4,8,16,,2.5,2.5,1
20,3,4,Fire Tornado,1,26,31,-10,9,22,,4.1,2.5,1
20,4,1,Heat Beam,2,29,46,-13,8,5,,4.8,2.5,2
20,4,2,Fire Stream,5,45,39,3,16,10,,5.1,2.5,5
20,4,3,Fire Wave,5,50,50,-1,18,15,,5.5,2.8,5
21,1,1,Toy Hammer,0,11,12,-5,0,0,,4.1,4.1,-1
21,1,2,Charge,0,10,9,3,0,0,,3.8,2.3,-1
21,1,3,Uppercut,5,50,30,1,25,5,,4.8,3.8,5
21,1,4,Combination,5,55,35,1,30,5,,5.5,4.8,5
21,2,1,Energy Shot,4,16,8,15,5,5,,5.1,3.1,4
21,2,2,Surprise,3,17,7,-10,20,5,,6.1,4.5,3
21,2,3,Astonishment,3,32,11,-7,36,5,,5.1,3.5,3
21,3,1,Necromancy,4,25,8,29,10,5,,6.1,4.1,4
21,3,2,Dove Bomb,2,23,25,-17,10,5,,3.8,3.8,2
21,3,3,Pigeon Bomb,2,30,34,-17,10,5,,5.8,4.1,2
21,4,1,Magic Card,1,19,11,-5,10,15,,2.3,2.8,1
21,4,2,Magic Cards,1,29,21,-10,10,18,,5.1,3.1,1
22,1,1,Left Slap,0,10,7,10,5,0,,2.1,2.1,-1
22,1,2,Back Charge,1,29,26,-8,26,35,,4.3,2.8,1
22,2,1,Right Slap,0,12,10,8,5,5,,5.3,4.1,-1
22,2,2,Straight,4,18,15,10,10,15,,2.1,2.1,4
22,2,3,High Kick,1,20,15,2,10,25,,3.8,4.3,1
22,2,4,Double Kicks,1,25,19,0,10,30,,5.3,4.4,1
22,3,1,DashStraight,4,27,20,10,13,15,,4.5,3.5,4
22,3,2,Elbow Strike,4,30,15,16,12,15,,4.5,3.3,4
22,3,3,Double Palms,2,20,20,-13,10,15,,4.8,4.3,2
22,4,1,Palm Strike,3,22,14,-8,25,15,,4.8,4.5,3
22,4,2,Metalner Ray,5,50,30,-6,40,15,,5.8,4.1,5
22,4,3,Burning Palm,5,50,45,-11,25,15,,5.5,4.5,5
22,4,4,UFO Attack,2,30,50,-22,17,15,,5.8,4.1,2
23,1,1,Tail Assault,0,12,14,-4,5,0,,1.8,1.8,-1
23,1,2,Tongue Slap,2,33,42,-16,25,5,,4.5,2.8,2
23,1,3,Kiss,3,29,16,-8,39,5,,4.5,4.5,3
23,2,1,Spit,0,10,10,9,5,0,,1.5,1.8,-1
23,2,2,Bite,2,22,25,-12,15,5,,2.8,2.8,2
23,2,3,Lick,3,22,13,-7,29,5,,3.8,2.8,3
23,2,4,Chewing,5,45,36,4,22,5,,6.8,4.5,5
23,3,1,Teleport,4,16,12,10,10,5,,2.5,2.3,4
23,3,2,Telekinesis,4,23,14,21,10,5,,4.5,4.1,4
23,3,3,Telepathy,1,21,17,-5,12,15,,4.1,3.3,1
23,4,1,Eye Beam,1,31,28,-7,10,22,,3.8,1.8,1
23,4,2,Yodel,5,40,25,-5,45,5,,4.8,4.3,5
24,1,1,Double Slaps,0,10,13,0,5,0,,3.8,3.8,-1
24,1,2,Ice Spikes,4,17,20,9,0,5,,4.5,4.8,4
24,1,3,Clap Attack,3,18,15,1,16,5,,4.5,3.3,3
24,2,1,1-2-Straight,0,12,15,6,0,5,,5.5,4.8,-1
24,2,2,Punch Combo,2,29,42,-12,16,6,,6.1,4.3,2
24,2,3,Slap Combo,3,27,21,1,25,6,,6.8,5.5,3
24,3,1,Cold Breath,4,26,19,17,13,5,,5.3,4.1,4
24,3,2,Ice Wave,2,19,33,-10,0,5,,4.1,4.1,2
24,3,3,Frantic Rush,1,19,20,-2,6,16,,4.5,4.8,1
24,3,4,Jill Combo,5,45,61,-10,20,8,,8.8,3.1,5
24,4,1,Ice Meteor,1,29,29,-5,13,19,,4.1,3.5,1
24,4,2,Snowstorm,5,45,35,5,35,5,,5.5,3.3,5
25,1,1,Slap,0,10,9,2,5,0,,3.1,3.3,-1
25,1,2,Thrust,4,15,10,6,9,6,,3.5,3.8,4
25,1,3,1-2 Thrust,4,27,15,13,14,7,,3.8,4.1,4
25,1,4,Thrusts,5,38,38,-10,22,10,,6.1,5.1,5
25,2,1,Head Butt,0,12,12,-5,5,5,,3.5,3.5,-1
25,2,2,Licking,3,19,13,-11,24,5,,3.1,3.3,3
25,2,3,Press,2,24,24,-9,12,9,,4.5,3.5,2
25,2,4,Diving Press,2,34,39,-14,19,10,,5.5,3.5,2
25,2,5,Giant Press,2,39,49,-16,20,10,,5.5,3.5,2
25,3,1,Roll Attack,1,27,19,-6,19,19,,4.8,3.5,1
25,3,2,DazzlingRoll,1,36,28,-9,20,25,,5.1,3.5,1
25,3,3,Petal Swirl,1,16,14,-10,13,16,,4.8,3.1,1
25,3,4,Petal Vortex,5,45,40,-15,0,0,Recovers Lif,5.8,5.8,5
25,3,5,Petal Storm,5,40,35,-15,0,0,Life Steal,4.8,4.8,5
25,4,1,Mocchi Ray,5,35,20,10,20,10,,2.6,2.5,5
25,4,2,Mocchi Beam,5,40,25,3,25,15,,5.2,2.5,5
25,4,3,MocchiCannon,5,50,45,-5,25,20,,5.4,3,5
25,4,4,Flame,5,38,44,-13,16,10,,4,2.9,5
25,4,5,Roll Assault,2,19,25,-12,7,5,,5.8,4.8,2
25,4,6,Petal Roll,2,25,29,-13,15,7,,5.9,4.8,2
26,1,1,Death Punch,0,12,16,-2,10,0,,2.5,2.5,-1
26,2,1,Death Slash,2,29,42,-16,29,11,,4.8,3.1,2
26,2,2,Death Smash,0,15,18,-4,10,5,,3.8,2.5,-1
26,3,1,Death Cutter,1,28,24,-5,24,24,,2.8,2.8,1
26,4,1,Death Energy,4,28,21,16,15,10,,2.8,3.1,4
26,4,2,Death Final,5,50,50,-15,50,15,,7.1,4.8,5
27,1,1,Slap,0,10,12,10,0,0,,3.1,2.8,-1
27,1,2,Acid Spit,5,35,35,-15,48,5,,4.3,2,5
27,1,3,Diving Press,1,18,16,-3,9,16,,5.5,2.5,1
27,1,4,Chop Combo,5,40,44,1,10,5,,7.5,5.5,5
27,1,5,Samurai Kick,5,30,25,10,25,10,,5.1,4.5,5
27,2,1,Chop,0,11,16,-4,0,5,,4.8,2.8,-1
27,2,2,Rolling Chop,0,19,20,-2,10,10,,4.8,2.8,0
27,2,3,Shock Wave,4,17,14,13,7,5,,4.8,3.1,4
27,2,4,Back Blow,2,14,19,-13,10,5,,5.1,2.8,2
27,2,5,ElectricBlow,2,29,41,-16,17,10,,4.8,3.1,2
27,2,6,Ninja Kick,5,55,55,-5,30,10,,6.8,5.1,5
27,3,1,Straight,2,20,26,-9,7,10,,5.8,3.5,2
27,3,2,Cyclone,5,39,39,-7,22,13,,3.8,2.5,5
27,3,3,Kiss,3,16,5,0,25,5,,3.8,2.1,3
27,4,1,Long Punch,4,27,19,15,13,5,,4.3,3.3,4
27,4,2,Spit,3,24,12,-5,37,5,,2.1,2.1,3
27,4,3,Jumping Chop,1,28,24,-6,16,23,,4.8,3.3,1
28,1,1,Stab,0,11,14,0,0,5,,1.8,1.8,-1
28,1,2,Pierce,0,21,20,0,0,5,,1.8,1.8,0
28,1,3,Suffocation,1,24,20,4,8,20,,3.1,2.8,1
28,1,4,Bloodsuction,5,40,30,-20,0,0,Life Steal,5.8,3.5,5
28,2,1,Whip,0,14,14,6,5,0,,2.1,1.8,-1
28,2,2,Two Whips,0,22,21,6,11,0,,2.5,2.1,0
28,2,3,Jell Press,4,30,28,11,7,5,,6.1,4.5,4
28,2,4,Jell Cube,2,16,29,-16,5,9,,5.5,4.5,2
28,2,5,Three Cubes,2,23,39,-10,6,9,,5.5,4.5,2
28,3,1,Jell Top,4,17,14,15,6,5,,4.1,3.5,4
28,3,2,Spiked Top,4,28,22,13,8,10,,4.1,3.5,4
28,3,3,Fly Swatter,3,27,15,-3,31,7,,5.5,3.5,3
28,3,4,Fly Smasher,3,39,26,-5,41,9,,5.5,3.5,3
28,3,5,Beam Gun,1,18,15,-2,15,19,,5.5,3.5,1
28,3,6,Beam Cannon,1,35,25,-2,25,25,,5.5,3.5,1
28,4,1,Cannon,2,35,50,-12,10,10,,5.3,3.5,2
28,4,2,Slingshot,3,18,9,-8,31,9,,4.8,2.8,3
28,4,3,Pyramid,5,40,40,-20,0,0,Recovers Lif,3.1,2.8,5
28,4,4,Gatling Gun,5,45,30,15,15,15,,5.5,4.1,5
28,4,5,Jell Copter,5,50,50,5,15,5,,4.1,3.5,5
29,1,1,Ice Sword,0,10,8,10,0,5,,2.8,2.8,-1
29,1,2,Ice Swords,0,14,15,10,0,9,,4.3,3.1,0
29,1,3,Dolphin Blow,2,18,23,-5,5,5,,5.3,5.1,2
29,1,4,Splash,3,27,8,-8,40,5,,3.8,2.8,3
29,2,1,Aqua Whip,3,19,6,-9,29,5,,2.3,2.5,3
29,2,2,Two Whips,3,29,11,-12,39,5,,4.3,2.8,3
29,2,3,Kiss,4,30,15,15,14,5,,3.8,2.3,4
29,2,4,Cold Fog,0,12,10,12,0,0,,2.8,2.5,-1
29,2,5,Arrow,1,18,15,2,6,20,,2.5,2.5,1
29,3,1,Aqua Wave,4,19,12,20,5,5,,2.5,1.3,4
29,3,2,Aqua Waves,4,28,20,15,7,5,,4.8,2.8,4
29,3,3,Ice Coffin,2,30,38,-15,15,10,,3.8,2.8,2
29,3,4,Ice Arrow,1,28,20,0,12,25,,4.8,3.1,1
29,3,5,Cold Whirl,5,50,39,-10,39,5,,5.1,2.8,5
29,3,6,Water Gun,5,45,20,15,30,5,,2.1,2.3,5
29,4,1,Icicle Arrow,5,35,30,-4,15,30,,4.8,2.8,5
29,4,2,Hailstorm,1,34,23,4,5,20,,3.8,3.3,1
29,4,3,Cold Storm,5,55,49,-15,49,10,,5.1,3.8,5
29,4,4,Vitalization,5,40,30,-20,0,0,Recovers Lif,3.1,2.8,5
29,4,5,Cold Geyser,1,16,11,-2,7,30,,4.1,3.3,1
29,4,6,Water Cannon,5,50,30,5,40,15,,4.5,2.8,5
30,1,1,Whip,0,10,9,8,0,0,,3.5,4.1,-1
30,1,2,Stab,0,12,12,-1,0,0,,3.5,3.8,-1
30,1,3,Numbing Stab,0,15,15,-1,0,5,,4.8,3.8,0
30,1,4,ElectricStab,0,21,22,-6,6,10,,3.8,4.3,0
30,2,1,Sound Wave,4,16,10,16,10,9,,4.1,4.1,4
30,2,2,Sound Wave-L,4,24,16,14,12,15,,4.1,4.1,4
30,2,3,Sound Wave-X,5,35,19,15,18,15,,6.5,4.8,5
30,2,4,Numbing Whip,1,19,17,-7,7,25,,3.8,3.8,1
30,2,5,ElectricWhip,1,28,23,-10,13,29,,4.1,4.1,1
30,2,6,MillionWhips,5,35,31,-10,15,35,,5.3,4.1,5
30,3,1,Shock,2,19,18,-10,14,10,,3.5,2.8,2
30,3,2,Severe Shock,2,26,28,-12,15,10,,4.1,4.8,2
30,3,3,MaximalShock,5,35,38,-12,19,10,,5.8,3.5,7
30,3,4,Niton Ink,3,20,2,2,32,10,,4.3,4.3,3
30,4,1,Shell Attack,5,35,30,0,5,10,,5.5,3.8,5
30,4,2,Spiked Shell,5,40,35,-2,5,20,,5.1,3.8,5
30,4,3,ViolentShell,5,50,40,-5,35,20,,5.8,3.8,5
31,1,1,Head Butt,0,15,16,3,5,0,,3.8,3.8,-1
31,2,1,Leaf Cutter,4,18,14,15,5,5,,3.8,3.8,4
31,3,1,Leaf Gun,0,12,13,0,0,0,,4.3,4.5,-1
31,3,2,Leaf Gatling,2,23,34,-14,8,5,,5.5,4.5,2
31,3,3,Twig Gun,3,18,10,-6,25,5,,4.8,2.8,3
31,3,4,Twig Gatling,3,30,21,-8,35,5,,4.8,2.8,3
31,4,1,Energy Steal,5,50,40,-20,40,0,Life and guts steal,5.5,5.8,5
31,4,2,Twister,5,45,44,-10,33,5,,4.8,4.1,5
31,4,3,Twisters,5,50,55,-13,44,5,,5.8,4.1,5
32,1,1,Flutter Slap,0,11,8,5,5,0,,3.8,3.8,-1
32,1,2,Explosion,5,50,60,-20,55,10,Damages self when used,4.5,2.3,5
32,2,1,Beak Thrust,0,15,14,0,0,5,,2.5,2.5,-1
32,2,2,Ducken Dance,3,19,8,-9,23,5,,3.1,2.5,3
32,2,3,Surprise,3,27,7,-8,39,5,,2.1,2.5,3
32,2,4,Bound Charge,4,30,20,15,8,10,,4.8,3.1,4
32,2,5,Bound Stamp,5,39,31,6,8,10,,4.8,3.1,5
32,3,1,Bound,4,15,10,12,5,10,,3.5,2.8,4
32,3,2,Eye Beam,4,26,15,8,15,10,,2,1.5,4
32,3,3,Beam Shower,4,35,20,15,18,10,,2,1.8,4
32,3,4,Maximal Beam,5,40,31,0,31,10,,4.1,2.8,5
32,3,5,Bombing,2,33,43,-18,10,10,,4.8,3.5,2
32,3,6,Boomerang,1,28,19,-3,11,26,,5.8,4.8,1
32,4,1,Missile,2,19,29,-20,5,5,,5.1,3.1,2
32,4,2,Two Missiles,1,31,28,-8,10,30,,4.5,2.5,1
32,4,3,Big Missile,2,39,55,-22,19,5,,5.3,3.8,2
32,4,4,Falling Beak,1,17,15,-11,5,21,,3.5,3.8,1
32,4,5,Frantic Beam,5,45,25,2,25,25,,5.9,4.5,5
33,1,1,Slap,0,11,7,8,0,0,,3.5,3.5,-1
33,1,2,Root Attack,4,13,6,22,5,5,,2.8,3.3,4
33,1,3,Root Combo,4,21,12,21,5,5,,4.8,3.8,4
33,1,4,Life Steal,5,50,25,0,0,0,Life steal,4.5,4.3,5
33,2,1,Jab,0,10,6,11,0,0,,2.3,2.8,-1
33,2,2,Jab Combo,2,18,15,-1,5,5,,4.8,3.5,2
33,2,3,Plant Combo,2,25,25,-11,10,5,,4.5,3.5,2
33,3,1,Toxic Nectar,3,26,4,9,22,5,,4.5,2.5,3
33,3,2,Toxic Pollen,3,35,8,-1,33,5,,3.5,2.8,3
33,3,3,Face Drill,5,35,21,10,17,5,,5.8,4.1,5
33,4,1,Seed Gun,1,21,12,1,10,19,,1.8,2.5,1
33,4,2,Seed Gatling,1,27,20,-4,10,25,,5.5,2.5,1
34,1,1,Charge,0,10,12,10,0,0,,2.3,2.8,-1
34,1,2,Needle Stabs,2,21,27,-2,10,5,,2.5,2.5,2
34,1,3,Spike Stabs,2,27,34,-4,11,8,,3.8,2.5,2
34,1,4,Ray,5,35,25,4,35,5,,3.8,3.3,5
34,1,5,Double Rays,5,40,30,1,40,5,,4.5,4.3,5
34,1,6,Triple Rays,5,45,35,0,45,10,,5.5,4.5,5
34,2,1,Flattening,0,12,16,5,0,0,,5.1,2.1,-1
34,2,2,Spike Bite,2,29,39,-12,20,10,,4.5,3.5,2
34,2,3,Scratch,3,20,16,-2,24,5,,3.5,3.5,3
34,2,4,Knock,5,35,35,10,10,5,,5.5,4.8,5
34,2,5,Two Knocks,5,45,40,15,15,5,,5.5,4.8,5
34,2,6,Three Knocks,5,50,42,15,21,5,,5.5,5.1,5
34,3,1,Flattening-L,0,15,19,5,5,0,,4.1,1.8,0
34,3,2,Screech,4,25,16,24,14,5,,3.3,2.3,4
34,3,3,StrangeLight,1,18,23,-7,6,15,,5.5,3.1,1
34,4,1,Flattening-X,0,20,24,2,5,5,,7.8,2.1,0
34,4,2,Sound Wave,4,17,15,18,5,5,,2.8,2.1,4
34,4,3,Tentacles,3,37,27,0,41,5,,4.5,4.5,3
34,4,4,Beam,1,24,28,-3,5,17,,3.8,1.5,1
34,4,5,Double Beams,1,29,31,-6,14,19,,5.1,2.3,1
34,4,6,Triple Beams,5,40,38,-6,22,25,,5.1,2.3,5
35,1,1,Slap,0,13,15,8,5,0,,3.8,4.1,-1
35,1,2,Sneeze,3,16,10,-6,26,5,,3.3,2.8,3
35,1,3,Swing-Throw,5,50,61,-10,37,10,,7.3,4.1,5
35,2,1,Thwack,0,16,20,3,5,0,,6.1,4.1,-1
35,2,2,Blast,3,26,21,-8,38,8,,3.5,2.5,3
35,3,1,Boomerang,4,18,15,14,8,8,,3.5,3.5,4
35,3,2,Grab-Throw,2,18,31,-11,5,5,,6.3,4.8,2
35,4,1,Big Banana,4,28,19,18,16,8,,8.8,5.8,4
35,4,2,Roll Assault,2,27,41,-9,11,5,,4.1,2.8,2
35,4,3,Bomb,1,19,22,-7,10,16,,6.1,3.8,1
35,4,4,Big Bomb,1,26,24,1,12,18,,5.8,4.3,1
35,4,5,Tasty Banana,5,40,30,-25,0,0,Recovers Lif,2.1,3.5,5
36,1,1,Bite,0,13,14,5,0,0,,3.1,3.5,-1
36,1,2,Somersault,4,26,20,18,9,5,,3.5,3.5,4
36,1,3,Somersaults,4,30,24,18,11,5,,5.1,3.8,4
36,2,1,Sting,0,10,10,7,0,5,,4.3,4.3,-1
36,2,2,Tail Lash,4,19,15,20,5,5,,4.8,3.3,4
36,2,3,Two Lashes,4,27,19,16,13,5,,4.8,2.8,4
36,2,4,Three Lashes,5,34,26,13,15,5,,5.5,3.3,5
36,2,5,Roll Assault,5,50,50,-10,25,5,,5.5,3.3,5
36,2,6,Pierce-Throw,2,20,28,-8,7,5,,6.3,2.5,2
36,3,1,Pinch-Throw,2,29,40,-8,10,5,,6.5,4.3,2
36,3,2,Pierce,3,18,12,-5,23,5,,4.8,3.3,3
36,3,3,Tusk Slash,1,17,16,4,5,17,,3.3,3.5,1
36,3,4,Injection,1,28,25,-11,23,25,,5.8,4.5,1
36,4,1,Poison Gas,3,28,20,-7,37,5,,3.5,1.8,3
36,4,2,Wheel Attack,5,44,35,-4,35,15,,4.8,2.8,5
37,1,1,Thwack,0,10,12,-5,0,0,,2.5,2.8,-1
37,1,2,Stab,4,14,15,8,5,5,,1.5,1.5,4
37,2,1,Belly Punch,0,10,14,-8,5,0,,2.5,2.5,-1
37,2,2,Pierce,4,19,18,8,10,5,,2.5,2.8,4
37,2,3,Tail Assault,2,15,27,-13,5,5,,3.3,2.8,2
37,2,4,Life Steal,5,50,30,-19,0,0,Life steal,3.1,2.8,5
37,3,1,Poison Gas,3,15,12,-4,19,8,,3.1,3.1,3
37,3,2,Energy Shot,1,17,21,-13,15,15,,4.3,2.5,1
37,3,3,Turn Assault,5,45,39,5,29,7,,4.8,2.8,5
37,4,1,Drill Attack,2,23,38,-13,12,5,,4.8,3.8,2
37,4,2,Eye Beam,1,29,31,-11,23,21,,4.5,2.5,1
37,4,3,Energy Shots,1,24,27,-9,15,19,,5.1,2.8,1
