TechniqueName,TechniqueTypeIdLegendCup,Effect,DurationHit,DurationMiss,Errantry,BreedId,TechniqueRangeId,Slot,Damage,HitPercent,Withering,Sharpness,GutsCost
Pat,0,,3.8,3.8,-1,1,1,1,6,10,0,0,12
Slap,0,,3.8,4.1,0,1,1,2,15,9,5,0,18
Kick,0,,3.8,4.1,-1,1,1,3,7,4,0,0,10
High Kick,0,,3.3,4.3,0,1,1,4,15,3,5,5,19
Heel Raid,2,,5.5,4.3,2,1,1,5,28,-10,20,5,30
Bang,5,,6.1,4.8,5,1,2,1,34,-11,16,15,42
Big Bang,5,,6.8,5.1,5,1,2,2,41,-17,23,22,46
1-2 Punch,0,,5.1,3.5,-2,1,2,3,12,15,0,5,15
Phantom Claw,4,,4.8,2.3,4,1,2,4,15,15,5,5,25
Death Final,5,,4.1,4.1,5,1,2,5,44,-18,44,5,52
Bolt,4,,2.1,2.1,4,1,3,1,9,13,5,3,16
Lightning,4,,4.8,2.1,4,1,3,2,16,12,5,5,25
Kiss,3,,3.1,2.3,3,1,3,3,0,2,25,8,18
Life Steal,5,Life steal,3.1,3.1,5,1,3,4,20,-10,0,0,40
Refreshment,5,Recovers Lif,4.1,3.5,5,1,3,5,30,-20,0,0,50
Fire Breath,5,,2.8,2.5,5,1,3,6,45,-14,19,8,49
Flame,2,,2.8,2.5,2,1,4,1,24,-15,11,5,19
Gigaflame,2,,6.8,4.5,2,1,4,2,39,-19,15,5,30
Ray,1,,2.3,2.1,1,1,4,3,12,-3,5,16,17
Megaray,1,,5.8,4.1,1,1,4,4,19,-4,5,21,29
Gigaray,1,,6.1,4.5,1,1,4,5,25,-8,5,32,34
Tail Whip,0,,2.8,2.8,-1,2,1,1,17,5,0,0,11
Tail Attack,0,,3.8,2.8,0,2,1,2,23,5,0,0,16
Bite,0,,3.1,3.1,-1,2,1,3,13,10,5,0,13
Two Bites,0,,4.5,3.5,0,2,1,4,18,7,8,5,18
Dragon Punch,1,,4.5,2.8,1,2,1,5,18,-1,7,17,17
Wing Attack,4,,2.8,3.1,4,2,2,1,15,14,5,5,17
Wing Combo,4,,5.8,4.8,4,2,2,2,22,14,6,5,22
Claw Combo,2,,6.5,5.3,2,2,2,3,30,-10,9,5,19
Claw,1,,4.1,3.1,1,2,2,4,24,-5,12,24,24
SpinningClaw,1,,5.1,3.1,1,2,2,5,32,-7,12,24,30
Flutter,4,,3.1,3.3,4,2,3,1,21,19,15,5,29
Flutters,4,,5.8,4.1,4,2,3,2,31,14,15,5,33
Trample,2,,6.1,4.5,2,2,3,3,50,-16,13,5,27
Fire Breath,3,,3.5,3.5,3,2,3,4,20,-8,25,5,20
Dragon Combo,5,,7.3,5.5,5,2,3,5,65,-20,35,15,50
Inferno,3,,6.1,4.5,3,2,4,1,27,-8,39,5,29
Glide Charge,1,,4.5,3.8,1,2,4,2,22,9,5,27,27
SlammingDown,5,,4.8,5.8,5,2,4,3,36,0,36,5,40
Flying Combo,2,,6.1,4.8,2,2,4,4,46,-15,10,5,25
Smash,0,,2.8,3.1,-1,3,1,1,15,5,0,5,13
Smash Combo,0,,5.1,4.1,0,3,1,2,20,5,5,5,20
Triple Stabs,4,,4.8,3.8,4,3,1,3,25,15,5,5,27
Stab-Throw,2,,5.5,2.3,2,3,1,4,49,-15,9,5,28
Z Smash,5,,5.5,4.5,5,3,1,5,35,5,35,25,55
Turn Stab,4,,4.8,2.8,4,3,2,1,16,16,5,5,18
Mind Flare,3,,4.1,3.8,3,3,2,2,16,-4,29,5,22
Mind Blast,3,,5.5,3.8,3,3,2,3,26,-8,34,5,27
Cross Slash,5,,6.1,5.1,5,3,2,4,25,10,25,25,45
RearLeg Kick,0,,5.1,5.1,-1,3,3,1,12,8,5,0,11
Energy Shot,3,,2.3,2.8,3,3,3,2,9,0,24,5,17
Javelin,1,,4.3,3.3,1,3,3,3,17,-1,7,17,17
Death Thrust,2,,6.1,1.3,2,3,3,4,62,-18,19,5,35
Rush Slash,2,,4.1,4.1,2,3,4,1,31,-14,6,5,18
Energy Shots,3,,5.5,4.5,3,3,4,2,11,0,37,5,25
Jump Javelin,1,,4.1,3.8,1,3,4,3,22,-3,10,30,26
Meteor Drive,5,,4.3,3.3,5,3,4,4,55,-5,15,15,50
Face Attack,0,,3.1,3.1,-1,4,1,1,12,5,0,0,12
Giant Whip,2,,4.5,3.8,2,4,1,2,30,-9,5,5,17
Tail Swing,0,,1.1,1.5,-1,4,2,1,8,9,5,0,10
Two Swings,0,,4.1,1.8,0,4,2,2,15,9,5,0,14
Kamikaze,4,Damages self if missed,5.5,4.1,4,4,2,3,23,20,18,10,28
Vital Ritual,5,Life and guts steal,3.8,3.8,5,4,2,4,30,-20,30,0,50
Cracker,3,,4.1,4.8,3,4,3,1,5,0,28,5,18
Megacracker,3,,4.8,5.1,3,4,3,2,11,0,40,5,30
Triple Shots,1,,5.8,5.3,1,4,3,3,20,-2,5,20,18
Delta Attack,5,,7.5,7.1,5,4,3,4,30,15,30,15,55
Shotgun,4,,4.3,4.1,4,4,4,1,14,15,7,5,18
Megashotgun,4,,4.3,3.5,4,4,4,2,22,10,9,5,24
Giant Wheel,2,,4.8,2.8,2,4,4,3,42,-15,12,5,29
Spiral Rush,1,,4.5,2.5,1,4,4,4,26,-5,10,26,29
Meteor Drive,5,Damages self if missed,4.8,4.1,5,4,4,5,55,-10,45,5,50
Punch,0,,2.8,2.8,-1,5,1,1,12,6,0,0,10
Heavy Punch,0,,3.1,3.3,0,5,1,2,15,5,5,5,16
MaximalPunch,0,,4.8,4.1,0,5,1,3,22,3,10,10,22
Horn Strike,0,,3.1,2.8,-1,5,1,4,14,2,0,5,13
Horn Attack,0,,4.5,3.5,0,5,1,5,25,1,0,5,18
SpinningHorn,3,,4.8,3.8,3,5,2,1,16,-12,35,5,25
Punch Combo,5,,5.8,4.8,5,5,2,2,40,-5,15,15,42
BeaclonCombo,5,,6.1,5.1,5,5,2,3,55,-7,20,15,50
Triple Stabs,3,,5,3.4,3,5,2,4,21,-5,39,5,34
Dive Assault,2,,3.3,4.3,2,5,3,1,28,-13,5,5,18
Spiral Dive,2,,5.1,3.8,2,5,3,2,34,-10,8,8,26
Tremor,3,,4.3,2.5,3,5,3,3,8,0,27,5,20
Horn Combo,1,,5.3,4.1,1,5,3,4,22,-8,12,25,22
Horn Smash,5,,5.1,4.8,5,5,3,5,30,10,25,15,50
Earthquake,5,,5.1,3.1,5,5,3,6,37,-15,45,5,40
Top Assault,4,,4.3,3.3,4,5,4,1,13,15,5,5,17
Rolling Bomb,4,,4.3,3.1,4,5,4,2,23,12,9,5,25
Flying Press,2,,6.8,4.5,2,5,4,3,44,-18,15,5,27
Horn Cannon,1,,4.5,3.3,1,5,4,4,15,-10,15,16,17
Frantic Horn,5,,7.1,6.8,5,5,4,5,35,5,35,15,55
Fist Missile,1,,4.9,2.8,1,5,4,6,27,-6,10,27,30
Punch,0,,2.8,3.1,-1,6,1,1,13,5,0,0,10
Kick,0,,2.8,3.1,0,6,1,2,19,1,5,5,16
Heavy Chop,0,,2.8,3.1,0,6,1,3,18,3,6,0,15
Low Kick,0,,2.8,3.1,-1,6,1,4,15,7,0,5,13
Laser Cutter,2,,5.3,4.5,2,6,2,1,42,-15,15,10,28
Yoyo,3,,4.1,4.1,3,6,2,2,10,-3,24,10,17
Laser Sword,5,,5.1,3.5,5,6,2,3,40,-5,40,15,50
Laser Swords,5,,4.1,2.5,5,6,2,4,55,-10,40,20,55
Two Cutters,2,,5.3,4.5,2,6,2,5,50,-18,16,10,50
Two Yoyos,3,,4.3,4.5,3,6,2,6,20,-5,32,10,29
Arm Cannon,4,,3.5,2.8,4,6,3,1,15,15,5,5,18
Napalm Shot,4,,4.1,2.5,4,6,3,2,20,15,5,10,24
Hammer Fall,2,,4.3,3.8,2,6,3,3,27,-9,5,10,19
Burst Cannon,5,,4.5,3.1,5,6,3,4,29,10,14,10,35
Sledge Fall,2,,5.1,4.1,2,6,3,5,35,-8,5,10,25
Sound Wave,3,,3.1,2.8,3,6,4,1,6,1,35,5,25
Fist Missile,1,,2,2,1,6,4,2,16,6,5,21,19
Drill Shot,1,,4.1,2.8,1,6,4,3,22,0,12,25,27
Drill Shots,5,,4.1,2.8,5,6,4,4,35,4,14,30,45
Eye Beam,1,,3.8,2.3,1,6,4,5,24,-2,9,23,26
Weapon,0,,3.8,3.8,-1,7,1,1,8,10,5,0,10
Weapon Combo,0,,4.8,4.5,0,7,1,2,16,5,10,0,20
Kick,4,,3.8,3.8,4,7,1,3,17,17,7,5,28
Spin Kick,4,,3.8,4.1,4,7,1,4,22,15,11,5,33
Twister Kick,5,,5.3,4.8,5,7,1,5,35,15,15,5,45
Punch,2,,5.5,4.5,2,7,1,6,20,-10,10,5,18
Heavy Punch,2,,5.5,4.4,2,7,2,1,27,-7,15,5,25
Wracky Combo,5,,6.1,5.1,5,7,2,2,45,-15,45,5,50
Necromancy,3,,4.3,3.1,3,7,2,3,4,0,28,5,20
Sneak Attack,1,,4.5,4.1,1,7,2,4,11,3,9,19,16
Sneak Combo,1,,6.1,4.1,1,7,2,5,20,2,10,25,42
Fire Juggler,5,,3.5,3.5,5,7,2,6,55,-14,25,5,50
Weapon Throw,0,,2.5,2.5,-1,7,3,1,11,6,5,0,12
Spin Slash,2,,4.1,4.1,2,7,3,2,32,-12,5,10,28
Trick,3,,4.5,4.1,3,7,3,3,5,0,45,5,32
Explosion,5,Damages self when used,5.8,4.8,5,7,3,4,70,-25,50,10,50
Head Spike,5,,6.1,3.8,5,7,3,5,25,-1,37,5,45
Fire Spike,5,,6.1,4.1,5,7,3,6,33,-5,43,5,50
Air Shot,4,,1.8,1.5,4,7,4,1,9,22,8,5,17
Blast Shot,4,,4.1,2.5,4,7,4,2,20,22,12,5,28
TwisterSlash,2,,6.3,5.8,2,7,4,3,46,-13,6,10,39
Beat Dance,5,,5.5,2.1,5,7,4,4,25,0,25,25,50
Cursed Dance,5,,5.5,2.1,5,7,4,5,35,0,35,35,55
Flame,5,,5.5,2.8,5,7,4,6,44,-14,44,5,50
Heavy Punch,0,,4.1,3.3,0,8,1,1,28,-10,5,0,16
Kick,0,,4.5,4.1,-1,8,1,2,24,-14,0,5,12
Heavy Kick,0,,4.5,4.1,0,8,1,3,34,-15,5,6,18
Slap,4,,4.5,4.5,4,8,1,4,22,0,5,5,17
Uppercut,2,,5.1,4.3,2,8,1,5,45,-18,5,5,21
Thwack,3,,6.1,4.1,3,8,1,6,21,-12,19,5,17
Punch,0,,4.3,4.3,-1,8,2,1,19,-9,0,0,10
Brow Hit,1,,3.5,3.5,1,8,2,2,29,-7,10,25,18
Smash Thwack,3,,6.5,4.3,3,8,2,3,23,-13,35,5,21
Clap Attack,1,,4.5,4.5,1,8,2,4,33,-12,13,18,26
Palm Strike,2,,5.1,4.1,2,8,2,5,31,-5,12,5,24
Double Palms,2,,5.1,4.1,2,8,2,6,47,-8,15,5,33
Heavy Slap,4,,5.1,4.5,4,8,3,1,26,2,9,5,23
Diving Press,2,Damages self if missed,5.1,4.3,2,8,3,2,65,-20,17,15,30
Charge,4,,4.3,4.5,4,8,3,3,30,1,11,5,26
Roll Assault,5,,4.8,2.4,5,8,3,4,64,-16,38,10,50
Brow Smash,1,,3.5,3.3,1,8,4,1,44,-16,17,30,28
Earthquake,3,,5.5,3.1,3,8,4,2,27,-11,39,5,28
Giant Clap,1,,4.5,2.3,1,8,4,3,35,-15,30,19,31
Fist Shot,5,,4.3,3.5,5,8,4,4,38,-5,38,15,50
Fist Missile,5,,4.1,2.8,5,8,4,5,45,-3,45,15,55
Cyclone,5,,7.1,4.5,5,8,4,6,78,-16,21,10,50
Claw,0,,2.8,2.8,-1,9,1,1,10,0,0,0,10
MillionClaws,0,,3.5,3.3,0,9,1,2,16,5,5,0,15
Bite,2,,3.1,2.8,2,9,1,3,25,-9,5,5,18
Bite-Throw,2,,5.8,4.5,2,9,1,4,41,-12,19,5,32
Claw Combo,0,,5.1,4.3,0,9,1,5,22,4,10,5,23
MillionBites,2,,5.1,3.5,2,9,1,6,34,-10,10,5,26
Tail,0,,3.8,3.1,-1,9,2,1,13,9,0,5,12
Tail Lash,0,,4.1,3.1,0,9,2,2,18,8,5,5,20
Tail Lashes,0,,4.5,3.5,0,9,2,3,24,7,5,10,25
Dust Cloud,3,,3.5,3.5,3,9,2,4,8,-5,39,5,27
Hypnotism,3,,4.5,4.5,3,9,2,5,7,0,22,5,16
Tail Combo,4,,4.8,3.5,4,9,2,6,19,10,5,5,19
Jumping Claw,1,,4.1,2.5,1,9,3,1,13,-1,8,18,16
Diving Claw,1,,4.5,3.8,1,9,3,2,19,-3,10,18,22
Aerial Claw,5,,4.8,3.8,5,9,3,3,31,-5,17,20,36
Fire Ball,2,,4.1,2.5,2,9,3,4,35,-9,12,5,28
Fire Breath,5,,3.5,3.5,5,9,3,5,49,-13,19,10,37
Jumping Fire,2,,4.8,3.1,2,9,3,6,43,-13,16,5,32
Charge,1,,3.8,3.1,1,9,4,1,20,-6,13,20,24
Fire Charge,1,,4.8,3.8,1,9,4,2,25,-8,25,25,30
Roll Assault,5,,5.5,3.5,5,9,4,3,37,2,26,10,50
Five Balls,5,,5.3,3.8,5,9,4,4,45,-10,25,15,45
Fire Bomb,5,Damages self when used,4.5,3.3,5,9,4,5,59,-15,33,25,50
Burning Roll,5,,6.1,5.5,5,9,4,6,47,-2,32,10,55
Swing,0,,3.5,3.5,0,10,1,1,22,-4,5,8,18
TwisterSlash,2,,5.1,3.5,2,10,1,2,30,-12,5,5,19
Thunderbolt,2,,5.5,3.8,2,10,1,3,57,-17,15,5,32
Flash Slash,1,,5.3,2.8,1,10,1,4,18,-1,5,15,18
Triple Slash,5,,6.1,5.8,5,10,1,5,39,-5,18,15,40
Slash Combo,2,,8.5,3.1,2,10,1,6,60,-15,15,5,35
Cut-In-Two,0,,4.8,4.1,-1,10,2,1,16,-2,0,5,12
MillionStabs,4,,6.1,5.1,4,10,2,2,22,10,12,5,27
Punch Combo,5,,6.8,6.8,5,10,2,3,35,11,20,5,45
DeathBringer,5,Damages self when used,5.5,4.3,5,10,2,4,69,-18,41,5,50
Kick Combo,2,,5.7,5.7,2,10,2,5,25,-5,5,5,19
V Slash,2,,6.1,5.1,2,10,2,6,25,-3,10,15,21
Rush Slash,0,,2.3,2.3,-1,10,3,1,14,5,0,5,10
Dash Slash,0,,4.5,2.5,0,10,3,2,20,5,0,6,17
Charge,4,,4.1,2.5,4,10,3,3,13,15,5,5,16
Air Shot,4,,4.8,2.8,4,10,3,4,17,17,17,5,30
Jumping Stab,1,,5.3,3.8,1,10,3,5,22,0,8,22,26
RollingSlash,2,,8.1,5.5,2,10,4,1,37,-9,12,5,28
Lightning,2,,6.1,4.3,2,10,4,2,43,-11,11,5,26
Blast Shot,4,,4.8,3.1,4,10,4,3,25,14,25,5,40
Sword Throw,1,,5.1,3.5,1,10,4,4,27,-13,12,25,25
Gust Slash,4,,3.8,2.5,4,10,4,5,16,20,5,5,19
Punch,0,,2.1,2.1,-1,11,1,1,14,9,0,0,10
Claw Pinch,2,,5.8,4.5,2,11,1,2,39,-8,15,6,29
Bloodsuction,5,Life Steal,3.5,3.5,5,11,1,3,30,-10,0,0,50
Somersault,1,,4.5,3.1,1,11,1,4,22,3,10,21,26
Somersaults,5,,5.5,4.3,5,11,1,5,44,3,20,25,50
Sting Slash,1,,4.5,3.1,1,11,1,6,18,10,15,25,30
Long Punch,0,,2.5,1.8,0,11,2,1,20,8,7,3,19
Sting,4,,2.5,2.3,4,11,2,2,15,12,6,5,16
TripleStings,4,,4.5,2.5,4,11,2,3,23,15,12,8,29
Tail Swing,2,,3.8,2.5,2,11,2,4,24,-11,9,5,16
Tail Swings,2,,3.5,3.3,2,11,2,5,36,-13,12,6,23
Death Scythe,1,,3.5,3.3,1,11,2,6,18,7,15,28,30
Claw Assault,0,,4.1,1.8,-1,11,3,1,17,3,0,5,12
Jumping Claw,1,,4.1,2.5,1,11,3,2,15,0,8,17,16
Aerial Claw,1,,4.1,2.5,1,11,3,3,19,-1,11,19,21
Acrobatics,5,,5.8,3.8,5,11,3,4,29,13,33,5,45
Meteor,5,,5.8,4.8,5,11,3,5,61,-14,27,5,45
Cyclone,5,,5.3,4.9,5,11,3,6,62,-16,29,10,50
Hidden Sting,4,,3.8,2.5,4,11,4,1,24,19,6,5,27
Energy Shot,3,,1.5,1.8,3,11,4,2,7,5,27,5,18
Energy Shots,3,,5.1,3.5,3,11,4,3,11,5,35,5,25
Javelin,1,,4.3,3.5,1,11,4,4,20,-7,23,20,24
Roll Assault,2,,4.3,3.1,2,11,4,5,50,-9,8,5,32
Fist Missile,5,,4.5,3.3,5,11,4,6,16,5,5,19,19
Bite,0,,2.5,2.5,-1,12,1,1,12,4,0,5,12
Bolt,3,,3.3,2.8,3,12,1,2,9,-2,16,15,18
Scratch,0,,2.3,2.5,-1,12,2,1,12,-4,0,5,10
One-Two,2,,4.1,3.5,2,12,2,2,19,-9,5,20,18
Lightning,3,,6.5,3.8,3,12,2,3,12,-5,34,15,29
Charge,4,,3.5,2.3,4,12,3,1,9,15,5,15,15
Combination,2,,4.8,3.5,2,12,3,2,30,-13,5,20,25
Ice Bomb,1,,2.5,2.3,1,12,3,3,15,-3,0,30,15
Stab,5,,4.8,3.1,5,12,3,4,34,0,17,25,45
Roll Assault,4,,4.1,3.3,4,12,4,1,10,21,10,20,23
Blizzard,1,,3.5,3.3,1,12,4,2,20,2,11,35,32
Roar,5,,5.8,5.5,5,12,4,3,31,-15,40,15,40
Hook,0,,3.8,4.3,-1,13,1,1,12,0,0,5,12
Jump Blow,1,,4.5,5.1,1,13,1,2,15,1,5,15,22
2 Jump Blows,1,,4.8,4.8,1,13,1,3,20,-3,5,23,29
3 Jump Blows,5,,6.3,6.3,5,13,1,4,30,-9,14,30,35
1-2-JumpBlow,5,,5.5,4.5,5,13,1,5,29,-9,18,7,33
Hopper Combo,5,,7.5,4.5,5,13,1,6,49,-15,21,8,44
Jab,0,,3.3,3.8,-1,13,2,1,8,8,0,0,10
Flick,4,,4.3,4.3,4,13,3,1,11,11,5,5,17
Phantom Claw,4,,3.4,3.4,4,13,3,2,15,15,5,5,25
Rapid Flick,4,,6.5,5.5,4,13,4,1,17,17,7,7,30
Flick Combo,5,,6.8,5.8,5,13,4,2,22,7,16,11,38
Lightning,3,Can be acquired from combining,2.5,2.7,3,13,4,3,14,-10,35,5,30
Flame,5,,3.1,2.7,5,13,4,4,35,-16,25,5,36
Straight,4,,2.5,2.8,4,14,1,1,15,20,5,10,20
HardStraight,4,,3.8,3.3,4,14,1,2,20,16,8,12,27
Kung Fu Fist,1,,4.1,3.5,1,14,1,3,19,-9,7,24,18
Kung Fu Blow,1,,4.1,3.5,1,14,1,4,27,-11,8,28,25
Bang,5,,4.8,3.8,5,14,1,5,32,10,22,10,45
Big Bang,5,,5.1,4.5,5,14,1,6,44,5,29,5,50
Back Blow,2,,2.8,2.8,2,14,2,1,29,-14,7,10,19
Rolling Blow,2,,3.8,2.8,2,14,2,2,40,-15,12,11,27
Smash,2,,4.8,4.3,2,14,2,3,45,-18,9,10,26
Heavy Smash,2,,4.8,4.5,2,14,2,4,56,-19,13,12,33
High Kick,1,,4.8,4.1,1,14,2,5,29,-5,12,21,31
Spin Kick,1,,4.8,3.8,1,14,2,6,35,-7,14,25,36
1-2 Punch,0,,3.1,3.3,-1,14,3,1,12,15,0,5,10
Foul Gas,3,,3.3,2.1,3,14,3,2,0,9,27,10,14
Kung Fu Kick,5,,4.1,2.8,5,14,3,3,41,-12,18,29,44
Gas,0,,3.1,2.1,-1,14,3,4,7,7,7,0,10
Stinking Gas,3,,4.1,2.8,3,14,4,1,5,13,35,10,25
Dust Cloud,0,,3.8,3.8,-1,15,1,1,12,5,0,0,10
Bite,4,,3.8,3.8,4,15,1,2,15,0,9,5,15
Two Bites,4,,3.8,3.8,4,15,1,3,23,7,10,5,25
Three Bites,5,,5.5,4.5,5,15,1,4,33,-5,33,5,33
Tongue Slap,2,,4.8,4.3,2,15,1,5,41,-14,11,5,25
Charge,0,,4.3,3.8,-1,15,2,1,17,-5,0,5,13
Roar,1,,2.3,1.8,1,15,2,2,18,-2,10,15,19
Two Roars,1,,2.5,1.8,1,15,2,3,25,-8,8,24,26
MillionRoars,5,,4.5,2.8,5,15,2,4,43,-12,22,15,34
Diving Press,2,Damages self if missed,5.8,3.8,2,15,3,1,60,-16,28,15,30
Sneeze,3,,2.5,2.5,3,15,3,2,16,-9,24,5,20
Mating Song,3,,3.5,2.8,3,15,3,3,19,-7,33,6,32
Foul Wind,5,,2.8,2.1,5,15,3,4,26,-13,40,7,35
Gust Breath,4,,4.1,1.8,4,15,4,1,21,5,5,5,19
Hypnotism,1,,2.5,2.1,1,15,4,2,16,-4,16,25,21
Nap,5,Recovers Lif,3.1,3.1,5,15,4,3,30,-20,0,0,30
Back Blow,4,,3.1,3.1,4,16,1,1,19,13,12,7,25
Fire Wall,4,,2.8,2.8,4,16,1,2,14,11,5,5,15
Blaze Wall,4,,2.8,3.1,4,16,1,3,21,16,13,5,27
Napalm,5,,4.8,2.8,5,16,1,4,34,12,14,5,38
Heavy Blow,4,,4.5,3.4,4,16,2,1,26,15,16,8,35
Thwack,2,,5.5,3.5,2,16,2,2,27,-11,7,5,17
Whirlwind,2,,3.8,2.5,2,16,2,3,35,-9,12,5,25
Typhoon,2,,5.3,2.8,2,16,2,4,42,-12,26,10,34
Hurricane,5,,5.5,3.3,5,16,2,5,50,-10,27,15,41
Spirit Blow,5,,4.5,2.5,5,16,2,6,36,0,25,8,38
Straight,0,,3.8,1.8,-1,16,3,1,13,6,0,0,10
Smash Thwack,2,,5.8,2.8,2,16,3,2,49,-13,19,10,35
Red Wisp,3,,5.8,4.8,3,16,3,3,10,-2,27,5,18
Blue Wisp,3,,5.8,5.1,3,16,3,4,18,-4,44,5,30
Flying Mask,1,,3.8,3.5,1,16,3,5,15,1,7,19,17
Spirit Punch,5,,4.3,2.8,5,16,3,6,45,-5,29,9,43
Thunderbolt,0,,4.1,2.8,-1,16,4,1,14,3,5,0,13
Giant Blow,5,,4.3,2.5,5,16,4,2,33,14,17,6,41
Giant Thwack,5,,5.8,2.8,5,16,4,3,54,-10,24,5,40
Cutting Mask,1,,5.5,3.8,1,16,4,4,19,-1,9,23,24
Hashing Mask,5,,7.1,6.8,5,16,4,5,28,-3,28,28,38
Spirit Smash,5,,4.5,3.5,5,16,4,6,33,-5,45,5,40
Slash Claw,0,,3.5,3.8,-1,17,1,1,13,7,0,10,10
Slash Claws,0,,3.1,4.1,0,17,1,2,19,4,5,10,17
Claw Combo,2,,5.5,4.1,2,17,1,3,36,-12,10,10,23
Smoke Breath,3,,5.3,4.3,3,17,1,4,8,5,24,10,18
Lick,3,,3.7,3.7,3,17,1,5,13,-7,29,5,19
Licking,3,,3.9,3.9,3,17,1,6,13,-11,24,5,15
Thrust Claw,0,,3.3,3.5,-1,17,2,1,16,3,0,10,12
Oil Spray,3,,5.1,3.8,3,17,2,2,23,-11,43,5,27
Turn Claw,1,,5.1,3.8,1,17,2,3,19,-7,12,20,15
Turn Claws,1,,5.3,3.1,1,17,2,4,29,-10,19,25,28
Rolling Claw,5,,6.8,3.2,5,17,2,5,30,-13,30,30,30
Oil Fire,2,,3.8,4.3,2,17,3,1,28,-6,7,5,17
Oil Flame,2,,4.8,4.8,2,17,3,2,46,-15,14,10,30
Drill Claw,1,,3.5,3.3,1,17,3,3,25,0,5,25,20
Twister Claw,4,,2.1,2.1,4,17,3,4,20,20,7,10,25
Tornado Claw,4,,2.5,2.5,4,17,3,5,25,20,10,15,35
Phantom Claw,4,,3.1,3.8,4,17,4,1,17,15,5,10,17
Hopping Claw,2,,3.8,4.5,2,17,4,2,24,-5,8,10,17
Jumping Claw,2,,5.5,4.8,2,17,4,3,36,-18,17,10,22
Aerial Claw,5,,5.5,4.8,5,17,4,4,43,-19,27,19,30
Oil Drinking,5,Recovers Lif,2.6,2.8,5,17,4,5,50,-15,0,0,50
Bolt,3,,2.9,2.1,3,17,4,6,7,-2,16,10,11
Belly Attack,0,,4.1,4.1,-1,18,1,1,16,2,0,0,12
Head Butt,4,,3.8,3.8,4,18,1,2,17,8,5,5,16
Knocking-Up,1,,4.8,4.5,1,18,1,3,20,1,5,16,19
Scratch,0,,3.8,3.5,-1,18,2,1,14,-3,0,5,10
Tail Lashes,4,,5.3,5.5,4,18,2,2,22,13,8,5,24
Sneeze,3,,4.5,2.1,3,18,2,3,11,-4,25,5,17
Body Press,5,Damages self if missed,8.3,3.5,5,18,2,4,60,-10,33,5,40
Wave Riding,5,Damages self if missed,8.5,3.8,5,18,2,5,69,-12,41,15,45
Earthquake,2,,4.8,3.8,2,18,3,1,58,-21,21,5,29
Bubbles,3,,4.5,3.8,3,18,3,2,19,-5,37,5,30
Charge,1,,5.5,4.1,1,18,3,3,24,-1,14,19,27
Zilla Rush,1,,4.5,3.8,1,18,3,4,27,0,16,22,32
Roll Assault,2,,10.1,6.5,2,18,4,1,35,-12,7,5,21
Tidal Wave,5,,7.5,3.8,5,18,4,2,42,-9,24,15,37
Hook,2,,3.5,2.8,2,19,1,1,39,-16,11,5,25
Left Jab,0,,2.8,2.8,-1,19,2,1,8,9,0,0,10
Right Jab,0,,2.8,2.8,-1,19,2,2,13,4,0,5,12
1-2-Hook,2,,4.4,3.4,2,19,2,3,46,-16,15,5,30
Straight,2,,3.8,2.8,2,19,2,4,28,-12,8,5,20
Uppercut,1,,3.5,2.8,1,19,2,5,17,0,9,16,21
1-2-Uppercut,1,,4.1,3.1,1,19,2,6,22,2,12,19,29
1-2-Smash,5,,4.8,3.8,5,19,3,1,53,-16,21,5,36
Magic Punch,2,,4.3,3.3,2,19,3,2,34,-9,9,5,26
Mystic Combo,5,,4.8,3.8,5,19,3,3,33,2,12,15,39
Mystic Punch,5,,4.4,3.4,5,19,4,1,43,-11,18,5,34
Magic Pot,5,Life Steal,3.1,3.1,5,19,4,2,20,-5,0,0,35
Mystic Pot,5,Guts Steal,3.1,3.1,5,19,4,3,0,-10,30,0,45
Miracle Pot,5,Life and guts steal,3.1,3.1,5,19,4,4,30,-15,30,0,60
Bajarl Beam,5,,3.5,3.8,5,19,4,5,24,10,24,5,40
Punch,0,,3.3,3.5,-1,20,1,1,9,5,0,0,10
Head Butt,1,,3.3,3.5,1,20,1,2,15,1,5,23,15
Head Assault,1,,4.8,3.5,1,20,1,3,20,2,10,25,25
Leaping Kick,0,,3.8,2.5,-1,20,2,1,12,0,0,5,12
Scratch,4,,3.3,3.8,4,20,2,2,15,18,6,15,19
Stab,3,,4.3,3.5,3,20,2,3,13,-2,21,10,19
RushingPunch,2,,4.3,3.3,2,20,2,4,35,-3,11,10,30
Diving Press,2,,5.1,3.3,2,20,3,1,25,-9,7,10,19
HundredBlows,5,,5.8,4.5,5,20,3,2,39,11,19,10,50
MillionBlows,5,,6.8,5.1,5,20,3,3,43,10,21,15,55
Twiddling,1,,4.8,4.8,1,20,3,4,22,-4,8,19,23
Twiddling-2,1,,5.5,4.5,1,20,3,5,30,-7,8,26,27
Twiddling-Z,5,,5.8,4.6,5,20,3,6,37,-10,18,30,39
Miaow,3,,3.1,2.3,3,20,4,1,2,15,34,5,30
Song Of Mew,3,,4.5,2.3,3,20,4,2,15,6,39,5,39
Recital,5,,4.8,2.8,5,20,4,3,25,-2,45,10,40
Zap,5,,4.8,2.3,5,20,4,4,41,-12,41,10,40
Maximal Zap,5,,4.8,2.8,5,20,4,5,59,-16,45,20,50
Beak,0,,3.1,3.3,-1,21,1,1,19,0,0,0,13
Talons,0,,2.8,2.5,-1,21,2,1,15,5,0,0,11
Rapid Beaks,4,,2.8,2.8,4,21,2,2,25,10,5,5,23
Flame Shot,3,,4.3,2.1,3,21,3,1,15,-3,19,5,19
Flame Cannon,3,,4.7,3,3,21,3,2,18,-4,40,5,30
Fire Twister,1,,2.5,2.5,1,21,3,3,22,-4,8,16,20
Fire Tornado,1,,4.1,2.5,1,21,3,4,31,-10,9,22,26
Heat Beam,2,,4.8,2.5,2,21,4,1,46,-13,8,5,29
Fire Stream,5,,5.1,2.5,5,21,4,2,39,3,16,10,45
Fire Wave,5,,5.5,2.8,5,21,4,3,50,-1,18,15,50
Toy Hammer,0,,4.1,4.1,-1,22,1,1,12,-5,0,0,11
Charge,0,,3.8,2.3,-1,22,1,2,9,3,0,0,10
Uppercut,5,,4.8,3.8,5,22,1,3,30,1,25,5,50
Combination,5,,5.5,4.8,5,22,1,4,35,1,30,5,55
Energy Shot,4,,5.1,3.1,4,22,2,1,8,15,5,5,16
Surprise,3,,6.1,4.5,3,22,2,2,7,-10,20,5,17
Astonishment,3,,5.1,3.5,3,22,2,3,11,-7,36,5,32
Necromancy,4,,6.1,4.1,4,22,3,1,8,29,10,5,25
Dove Bomb,2,,3.8,3.8,2,22,3,2,25,-17,10,5,23
Pigeon Bomb,2,,5.8,4.1,2,22,3,3,34,-17,10,5,30
Magic Card,1,,2.3,2.8,1,22,4,1,11,-5,10,15,19
Magic Cards,1,,5.1,3.1,1,22,4,2,21,-10,10,18,29
Left Slap,0,,2.1,2.1,-1,23,1,1,7,10,5,0,10
Back Charge,1,,4.3,2.8,1,23,1,2,26,-8,26,35,29
Right Slap,0,,5.3,4.1,-1,23,2,1,10,8,5,5,12
Straight,4,,2.1,2.1,4,23,2,2,15,10,10,15,18
High Kick,1,,3.8,4.3,1,23,2,3,15,2,10,25,20
Double Kicks,1,,5.3,4.4,1,23,2,4,19,0,10,30,25
DashStraight,4,,4.5,3.5,4,23,3,1,20,10,13,15,27
Elbow Strike,4,,4.5,3.3,4,23,3,2,15,16,12,15,30
Double Palms,2,,4.8,4.3,2,23,3,3,20,-13,10,15,20
Palm Strike,3,,4.8,4.5,3,23,4,1,14,-8,25,15,22
Metalner Ray,5,,5.8,4.1,5,23,4,2,30,-6,40,15,50
Burning Palm,5,,5.5,4.5,5,23,4,3,45,-11,25,15,50
UFO Attack,2,,5.8,4.1,2,23,4,4,50,-22,17,15,30
Tail Assault,0,,1.8,1.8,-1,24,1,1,14,-4,5,0,12
Tongue Slap,2,,4.5,2.8,2,24,1,2,42,-16,25,5,33
Kiss,3,,4.5,4.5,3,24,1,3,16,-8,39,5,29
Spit,0,,1.5,1.8,-1,24,2,1,10,9,5,0,10
Bite,2,,2.8,2.8,2,24,2,2,25,-12,15,5,22
Lick,3,,3.8,2.8,3,24,2,3,13,-7,29,5,22
Chewing,5,,6.8,4.5,5,24,2,4,36,4,22,5,45
Teleport,4,,2.5,2.3,4,24,3,1,12,10,10,5,16
Telekinesis,4,,4.5,4.1,4,24,3,2,14,21,10,5,23
Telepathy,1,,4.1,3.3,1,24,3,3,17,-5,12,15,21
Eye Beam,1,,3.8,1.8,1,24,4,1,28,-7,10,22,31
Yodel,5,,4.8,4.3,5,24,4,2,25,-5,45,5,40
Double Slaps,0,,3.8,3.8,-1,25,1,1,13,0,5,0,10
Ice Spikes,4,,4.5,4.8,4,25,1,2,20,9,0,5,17
Clap Attack,3,,4.5,3.3,3,25,1,3,15,1,16,5,18
1-2-Straight,0,,5.5,4.8,-1,25,2,1,15,6,0,5,12
Punch Combo,2,,6.1,4.3,2,25,2,2,42,-12,16,6,29
Slap Combo,3,,6.8,5.5,3,25,2,3,21,1,25,6,27
Cold Breath,4,,5.3,4.1,4,25,3,1,19,17,13,5,26
Ice Wave,2,,4.1,4.1,2,25,3,2,33,-10,0,5,19
Frantic Rush,1,,4.5,4.8,1,25,3,3,20,-2,6,16,19
Jill Combo,5,,8.8,3.1,5,25,3,4,61,-10,20,8,45
Ice Meteor,1,,4.1,3.5,1,25,4,1,29,-5,13,19,29
Snowstorm,5,,5.5,3.3,5,25,4,2,35,5,35,5,45
Slap,0,,3.1,3.3,-1,26,1,1,9,2,5,0,10
Thrust,4,,3.5,3.8,4,26,1,2,10,6,9,6,15
1-2 Thrust,4,,3.8,4.1,4,26,1,3,15,13,14,7,27
Thrusts,5,,6.1,5.1,5,26,1,4,38,-10,22,10,38
Head Butt,0,,3.5,3.5,-1,26,2,1,12,-5,5,5,12
Licking,3,,3.1,3.3,3,26,2,2,13,-11,24,5,19
Press,2,,4.5,3.5,2,26,2,3,24,-9,12,9,24
Diving Press,2,,5.5,3.5,2,26,2,4,39,-14,19,10,34
Giant Press,2,,5.5,3.5,2,26,2,5,49,-16,20,10,39
Roll Attack,1,,4.8,3.5,1,26,3,1,19,-6,19,19,27
DazzlingRoll,1,,5.1,3.5,1,26,3,2,28,-9,20,25,36
Petal Swirl,1,,4.8,3.1,1,26,3,3,14,-10,13,16,16
Petal Vortex,5,Recovers Lif,5.8,5.8,5,26,3,4,40,-15,0,0,45
Petal Storm,5,Life Steal,4.8,4.8,5,26,3,5,35,-15,0,0,40
Mocchi Ray,5,,2.6,2.5,5,26,4,1,20,10,20,10,35
Mocchi Beam,5,,5.2,2.5,5,26,4,2,25,3,25,15,40
MocchiCannon,5,,5.4,3,5,26,4,3,45,-5,25,20,50
Flame,5,,4,2.9,5,26,4,4,44,-13,16,10,38
Roll Assault,2,,5.8,4.8,2,26,4,5,25,-12,7,5,19
Petal Roll,2,,5.9,4.8,2,26,4,6,29,-13,15,7,25
Death Punch,0,,2.5,2.5,-1,27,1,1,16,-2,10,0,12
Death Slash,2,,4.8,3.1,2,27,2,1,42,-16,29,11,29
Death Smash,0,,3.8,2.5,-1,27,2,2,18,-4,10,5,15
Death Cutter,1,,2.8,2.8,1,27,3,1,24,-5,24,24,28
Death Energy,4,,2.8,3.1,4,27,4,1,21,16,15,10,28
Death Final,5,,7.1,4.8,5,27,4,2,50,-15,50,15,50
Slap,0,,3.1,2.8,-1,28,1,1,12,10,0,0,10
Acid Spit,5,,4.3,2,5,28,1,2,35,-15,48,5,35
Diving Press,1,,5.5,2.5,1,28,1,3,16,-3,9,16,18
Chop Combo,5,,7.5,5.5,5,28,1,4,44,1,10,5,40
Samurai Kick,5,,5.1,4.5,5,28,1,5,25,10,25,10,30
Chop,0,,4.8,2.8,-1,28,2,1,16,-4,0,5,11
Rolling Chop,0,,4.8,2.8,0,28,2,2,20,-2,10,10,19
Shock Wave,4,,4.8,3.1,4,28,2,3,14,13,7,5,17
Back Blow,2,,5.1,2.8,2,28,2,4,19,-13,10,5,14
ElectricBlow,2,,4.8,3.1,2,28,2,5,41,-16,17,10,29
Ninja Kick,5,,6.8,5.1,5,28,2,6,55,-5,30,10,55
Straight,2,,5.8,3.5,2,28,3,1,26,-9,7,10,20
Cyclone,5,,3.8,2.5,5,28,3,2,39,-7,22,13,39
Kiss,3,,3.8,2.1,3,28,3,3,5,0,25,5,16
Long Punch,4,,4.3,3.3,4,28,4,1,19,15,13,5,27
Spit,3,,2.1,2.1,3,28,4,2,12,-5,37,5,24
Jumping Chop,1,,4.8,3.3,1,28,4,3,24,-6,16,23,28
Stab,0,,1.8,1.8,-1,29,1,1,14,0,0,5,11
Pierce,0,,1.8,1.8,0,29,1,2,20,0,0,5,21
Suffocation,1,,3.1,2.8,1,29,1,3,20,4,8,20,24
Bloodsuction,5,Life Steal,5.8,3.5,5,29,1,4,30,-20,0,0,40
Whip,0,,2.1,1.8,-1,29,2,1,14,6,5,0,14
Two Whips,0,,2.5,2.1,0,29,2,2,21,6,11,0,22
Jell Press,4,,6.1,4.5,4,29,2,3,28,11,7,5,30
Jell Cube,2,,5.5,4.5,2,29,2,4,29,-16,5,9,16
Three Cubes,2,,5.5,4.5,2,29,2,5,39,-10,6,9,23
Jell Top,4,,4.1,3.5,4,29,3,1,14,15,6,5,17
Spiked Top,4,,4.1,3.5,4,29,3,2,22,13,8,10,28
Fly Swatter,3,,5.5,3.5,3,29,3,3,15,-3,31,7,27
Fly Smasher,3,,5.5,3.5,3,29,3,4,26,-5,41,9,39
Beam Gun,1,,5.5,3.5,1,29,3,5,15,-2,15,19,18
Beam Cannon,1,,5.5,3.5,1,29,3,6,25,-2,25,25,35
Cannon,2,,5.3,3.5,2,29,4,1,50,-12,10,10,35
Slingshot,3,,4.8,2.8,3,29,4,2,9,-8,31,9,18
Pyramid,5,Recovers Lif,3.1,2.8,5,29,4,3,40,-20,0,0,40
Gatling Gun,5,,5.5,4.1,5,29,4,4,30,15,15,15,45
Jell Copter,5,,4.1,3.5,5,29,4,5,50,5,15,5,50
Ice Sword,0,,2.8,2.8,-1,30,1,1,8,10,0,5,10
Ice Swords,0,,4.3,3.1,0,30,1,2,15,10,0,9,14
Dolphin Blow,2,,5.3,5.1,2,30,1,3,23,-5,5,5,18
Splash,3,,3.8,2.8,3,30,1,4,8,-8,40,5,27
Aqua Whip,3,,2.3,2.5,3,30,2,1,6,-9,29,5,19
Two Whips,3,,4.3,2.8,3,30,2,2,11,-12,39,5,29
Kiss,4,,3.8,2.3,4,30,2,3,15,15,14,5,30
Cold Fog,0,,2.8,2.5,-1,30,2,4,10,12,0,0,12
Arrow,1,,2.5,2.5,1,30,2,5,15,2,6,20,18
Aqua Wave,4,,2.5,1.3,4,30,3,1,12,20,5,5,19
Aqua Waves,4,,4.8,2.8,4,30,3,2,20,15,7,5,28
Ice Coffin,2,,3.8,2.8,2,30,3,3,38,-15,15,10,30
Ice Arrow,1,,4.8,3.1,1,30,3,4,20,0,12,25,28
Cold Whirl,5,,5.1,2.8,5,30,3,5,39,-10,39,5,50
Water Gun,5,,2.1,2.3,5,30,3,6,20,15,30,5,45
Icicle Arrow,5,,4.8,2.8,5,30,4,1,30,-4,15,30,35
Hailstorm,1,,3.8,3.3,1,30,4,2,23,4,5,20,34
Cold Storm,5,,5.1,3.8,5,30,4,3,49,-15,49,10,55
Vitalization,5,Recovers Lif,3.1,2.8,5,30,4,4,30,-20,0,0,40
Cold Geyser,1,,4.1,3.3,1,30,4,5,11,-2,7,30,16
Water Cannon,5,,4.5,2.8,5,30,4,6,30,5,40,15,50
Whip,0,,3.5,4.1,-1,31,1,1,9,8,0,0,10
Stab,0,,3.5,3.8,-1,31,1,2,12,-1,0,0,12
Numbing Stab,0,,4.8,3.8,0,31,1,3,15,-1,0,5,15
ElectricStab,0,,3.8,4.3,0,31,1,4,22,-6,6,10,21
Sound Wave,4,,4.1,4.1,4,31,2,1,10,16,10,9,16
Sound Wave-L,4,,4.1,4.1,4,31,2,2,16,14,12,15,24
Sound Wave-X,5,,6.5,4.8,5,31,2,3,19,15,18,15,35
Numbing Whip,1,,3.8,3.8,1,31,2,4,17,-7,7,25,19
ElectricWhip,1,,4.1,4.1,1,31,2,5,23,-10,13,29,28
MillionWhips,5,,5.3,4.1,5,31,2,6,31,-10,15,35,35
Shock,2,,3.5,2.8,2,31,3,1,18,-10,14,10,19
Severe Shock,2,,4.1,4.8,2,31,3,2,28,-12,15,10,26
MaximalShock,5,,5.8,3.5,7,31,3,3,38,-12,19,10,35
Niton Ink,3,,4.3,4.3,3,31,3,4,2,2,32,10,20
Shell Attack,5,,5.5,3.8,5,31,4,1,30,0,5,10,35
Spiked Shell,5,,5.1,3.8,5,31,4,2,35,-2,5,20,40
ViolentShell,5,,5.8,3.8,5,31,4,3,40,-5,35,20,50
Head Butt,0,,3.8,3.8,-1,32,1,1,16,3,5,0,15
Leaf Cutter,4,,3.8,3.8,4,32,2,1,14,15,5,5,18
Leaf Gun,0,,4.3,4.5,-1,32,3,1,13,0,0,0,12
Leaf Gatling,2,,5.5,4.5,2,32,3,2,34,-14,8,5,23
Twig Gun,3,,4.8,2.8,3,32,3,3,10,-6,25,5,18
Twig Gatling,3,,4.8,2.8,3,32,3,4,21,-8,35,5,30
Energy Steal,5,Life and guts steal,5.5,5.8,5,32,4,1,40,-20,40,0,50
Twister,5,,4.8,4.1,5,32,4,2,44,-10,33,5,45
Twisters,5,,5.8,4.1,5,32,4,3,55,-13,44,5,50
Flutter Slap,0,,3.8,3.8,-1,33,1,1,8,5,5,0,11
Explosion,5,Damages self when used,4.5,2.3,5,33,1,2,60,-20,55,10,50
Beak Thrust,0,,2.5,2.5,-1,33,2,1,14,0,0,5,15
Ducken Dance,3,,3.1,2.5,3,33,2,2,8,-9,23,5,19
Surprise,3,,2.1,2.5,3,33,2,3,7,-8,39,5,27
Bound Charge,4,,4.8,3.1,4,33,2,4,20,15,8,10,30
Bound Stamp,5,,4.8,3.1,5,33,2,5,31,6,8,10,39
Bound,4,,3.5,2.8,4,33,3,1,10,12,5,10,15
Eye Beam,4,,2,1.5,4,33,3,2,15,8,15,10,26
Beam Shower,4,,2,1.8,4,33,3,3,20,15,18,10,35
Maximal Beam,5,,4.1,2.8,5,33,3,4,31,0,31,10,40
Bombing,2,,4.8,3.5,2,33,3,5,43,-18,10,10,33
Boomerang,1,,5.8,4.8,1,33,3,6,19,-3,11,26,28
Missile,2,,5.1,3.1,2,33,4,1,29,-20,5,5,19
Two Missiles,1,,4.5,2.5,1,33,4,2,28,-8,10,30,31
Big Missile,2,,5.3,3.8,2,33,4,3,55,-22,19,5,39
Falling Beak,1,,3.5,3.8,1,33,4,4,15,-11,5,21,17
Frantic Beam,5,,5.9,4.5,5,33,4,5,25,2,25,25,45
Slap,0,,3.5,3.5,-1,34,1,1,7,8,0,0,11
Root Attack,4,,2.8,3.3,4,34,1,2,6,22,5,5,13
Root Combo,4,,4.8,3.8,4,34,1,3,12,21,5,5,21
Life Steal,5,Life steal,4.5,4.3,5,34,1,4,25,0,0,0,50
Jab,0,,2.3,2.8,-1,34,2,1,6,11,0,0,10
Jab Combo,2,,4.8,3.5,2,34,2,2,15,-1,5,5,18
Plant Combo,2,,4.5,3.5,2,34,2,3,25,-11,10,5,25
Toxic Nectar,3,,4.5,2.5,3,34,3,1,4,9,22,5,26
Toxic Pollen,3,,3.5,2.8,3,34,3,2,8,-1,33,5,35
Face Drill,5,,5.8,4.1,5,34,3,3,21,10,17,5,35
Seed Gun,1,,1.8,2.5,1,34,4,1,12,1,10,19,21
Seed Gatling,1,,5.5,2.5,1,34,4,2,20,-4,10,25,27
Charge,0,,2.3,2.8,-1,35,1,1,12,10,0,0,10
Needle Stabs,2,,2.5,2.5,2,35,1,2,27,-2,10,5,21
Spike Stabs,2,,3.8,2.5,2,35,1,3,34,-4,11,8,27
Ray,5,,3.8,3.3,5,35,1,4,25,4,35,5,35
Double Rays,5,,4.5,4.3,5,35,1,5,30,1,40,5,40
Triple Rays,5,,5.5,4.5,5,35,1,6,35,0,45,10,45
Flattening,0,,5.1,2.1,-1,35,2,1,16,5,0,0,12
Spike Bite,2,,4.5,3.5,2,35,2,2,39,-12,20,10,29
Scratch,3,,3.5,3.5,3,35,2,3,16,-2,24,5,20
Knock,5,,5.5,4.8,5,35,2,4,35,10,10,5,35
Two Knocks,5,,5.5,4.8,5,35,2,5,40,15,15,5,45
Three Knocks,5,,5.5,5.1,5,35,2,6,42,15,21,5,50
Flattening-L,0,,4.1,1.8,0,35,3,1,19,5,5,0,15
Screech,4,,3.3,2.3,4,35,3,2,16,24,14,5,25
StrangeLight,1,,5.5,3.1,1,35,3,3,23,-7,6,15,18
Flattening-X,0,,7.8,2.1,0,35,4,1,24,2,5,5,20
Sound Wave,4,,2.8,2.1,4,35,4,2,15,18,5,5,17
Tentacles,3,,4.5,4.5,3,35,4,3,27,0,41,5,37
Beam,1,,3.8,1.5,1,35,4,4,28,-3,5,17,24
Double Beams,1,,5.1,2.3,1,35,4,5,31,-6,14,19,29
Triple Beams,5,,5.1,2.3,5,35,4,6,38,-6,22,25,40
Slap,0,,3.8,4.1,-1,36,1,1,15,8,5,0,13
Sneeze,3,,3.3,2.8,3,36,1,2,10,-6,26,5,16
Swing-Throw,5,,7.3,4.1,5,36,1,3,61,-10,37,10,50
Thwack,0,,6.1,4.1,-1,36,2,1,20,3,5,0,16
Blast,3,,3.5,2.5,3,36,2,2,21,-8,38,8,26
Boomerang,4,,3.5,3.5,4,36,3,1,15,14,8,8,18
Grab-Throw,2,,6.3,4.8,2,36,3,2,31,-11,5,5,18
Big Banana,4,,8.8,5.8,4,36,4,1,19,18,16,8,28
Roll Assault,2,,4.1,2.8,2,36,4,2,41,-9,11,5,27
Bomb,1,,6.1,3.8,1,36,4,3,22,-7,10,16,19
Big Bomb,1,,5.8,4.3,1,36,4,4,24,1,12,18,26
Tasty Banana,5,Recovers Lif,2.1,3.5,5,36,4,5,30,-25,0,0,40
Bite,0,,3.1,3.5,-1,37,1,1,14,5,0,0,13
Somersault,4,,3.5,3.5,4,37,1,2,20,18,9,5,26
Somersaults,4,,5.1,3.8,4,37,1,3,24,18,11,5,30
Sting,0,,4.3,4.3,-1,37,2,1,10,7,0,5,10
Tail Lash,4,,4.8,3.3,4,37,2,2,15,20,5,5,19
Two Lashes,4,,4.8,2.8,4,37,2,3,19,16,13,5,27
Three Lashes,5,,5.5,3.3,5,37,2,4,26,13,15,5,34
Roll Assault,5,,5.5,3.3,5,37,2,5,50,-10,25,5,50
Pierce-Throw,2,,6.3,2.5,2,37,2,6,28,-8,7,5,20
Pinch-Throw,2,,6.5,4.3,2,37,3,1,40,-8,10,5,29
Pierce,3,,4.8,3.3,3,37,3,2,12,-5,23,5,18
Tusk Slash,1,,3.3,3.5,1,37,3,3,16,4,5,17,17
Injection,1,,5.8,4.5,1,37,3,4,25,-11,23,25,28
Poison Gas,3,,3.5,1.8,3,37,4,1,20,-7,37,5,28
Wheel Attack,5,,4.8,2.8,5,37,4,2,35,-4,35,15,44
Thwack,0,,2.5,2.8,-1,38,1,1,12,-5,0,0,10
Stab,4,,1.5,1.5,4,38,1,2,15,8,5,5,14
Belly Punch,0,,2.5,2.5,-1,38,2,1,14,-8,5,0,10
Pierce,4,,2.5,2.8,4,38,2,2,18,8,10,5,19
Tail Assault,2,,3.3,2.8,2,38,2,3,27,-13,5,5,15
Life Steal,5,Life steal,3.1,2.8,5,38,2,4,30,-19,0,0,50
Poison Gas,3,,3.1,3.1,3,38,3,1,12,-4,19,8,15
Energy Shot,1,,4.3,2.5,1,38,3,2,21,-13,15,15,17
Turn Assault,5,,4.8,2.8,5,38,3,3,39,5,29,7,45
Drill Attack,2,,4.8,3.8,2,38,4,1,38,-13,12,5,23
Eye Beam,1,,4.5,2.5,1,38,4,2,31,-11,23,21,29
Energy Shots,1,,5.1,2.8,1,38,4,3,27,-9,15,19,24
